,policy_csl,insured_sex,insured_education_level,incident_severity,property_damage,police_report_available,insured_occupation_armed-forces,insured_occupation_craft-repair,insured_occupation_exec-managerial,insured_occupation_farming-fishing,insured_occupation_handlers-cleaners,insured_occupation_machine-op-inspct,insured_occupation_other-service,insured_occupation_priv-house-serv,insured_occupation_prof-specialty,insured_occupation_protective-serv,insured_occupation_sales,insured_occupation_tech-support,insured_occupation_transport-moving,insured_relationship_not-in-family,insured_relationship_other-relative,insured_relationship_own-child,insured_relationship_unmarried,insured_relationship_wife,incident_type_Parked Car,incident_type_Single Vehicle Collision,incident_type_Vehicle Theft,collision_type_Rear Collision,collision_type_Side Collision,authorities_contacted_Fire,authorities_contacted_None,authorities_contacted_Other,authorities_contacted_Police,months_as_customer,policy_deductable,policy_annual_premium,umbrella_limit,capital-gains,capital-loss,incident_hour_of_the_day,number_of_vehicles_involved,bodily_injuries,witnesses,injury_claim,property_claim,vehicle_claim
0,2.5,1,6,3,1,1,0,1,0,0,0,0,0,0,0,0,0,0,0,0,0,0,0,0,0,1,0,0,1,0,0,0,1,328,1000,1406.91,0,53300,0,5,1,1,2,6510,13020,52080
1,2.5,1,6,2,0,0,0,0,0,0,0,1,0,0,0,0,0,0,0,0,1,0,0,0,0,0,1,1,0,0,0,0,1,228,2000,1197.22,5000000,0,0,8,1,0,0,780,780,3510
2,1.0,0,7,2,0,0,0,0,0,0,0,0,0,0,0,0,1,0,0,0,0,1,0,0,0,0,0,1,0,0,0,0,1,134,2000,1413.14,5000000,35100,0,7,3,2,3,7700,3850,23100
3,2.5,0,7,3,0,0,1,0,0,0,0,0,0,0,0,0,0,0,0,0,0,0,1,0,0,1,0,0,0,0,0,0,1,256,2000,1415.74,6000000,48900,-62400,5,1,1,2,6340,6340,50720
4,5.0,1,5,2,0,0,0,0,0,0,0,0,0,0,0,0,1,0,0,0,0,0,1,0,0,0,1,1,0,0,1,0,0,228,1000,1583.91,6000000,66000,-46000,20,1,0,1,1300,650,4550
5,2.5,0,7,3,0,0,0,0,0,0,0,0,0,0,0,0,0,1,0,0,0,0,1,0,0,0,0,1,0,1,0,0,0,256,1000,1351.1,0,0,0,19,3,0,2,6410,6410,51280
6,2.5,1,7,2,0,0,0,0,0,0,0,0,0,0,1,0,0,0,0,0,0,0,0,0,0,0,0,0,0,0,0,0,1,137,1000,1333.35,0,0,-77000,0,3,0,0,21450,7150,50050
7,1.0,1,5,4,0,1,0,0,0,0,0,0,0,0,0,0,0,1,0,0,0,0,1,0,0,0,0,0,0,0,0,0,1,165,1000,1137.03,0,0,0,23,3,2,2,9380,9380,32830
8,1.0,0,7,4,0,1,0,0,0,0,0,0,1,0,0,0,0,0,0,0,0,1,0,0,0,1,0,0,0,0,0,0,1,27,500,1442.99,0,0,0,21,1,1,1,2770,2770,22160
9,1.0,1,7,4,0,0,0,0,0,0,0,0,0,1,0,0,0,0,0,0,0,0,0,1,0,1,0,1,0,0,0,1,0,212,500,1315.68,0,0,-39300,14,1,2,1,4700,4700,32900
10,1.0,0,4,4,1,0,0,0,1,0,0,0,0,0,0,0,0,0,0,0,1,0,0,0,0,1,0,0,0,0,0,0,1,235,500,1253.12,4000000,38400,0,22,1,2,2,7910,15820,63280
11,1.0,0,2,3,1,1,0,0,1,0,0,0,0,0,0,0,0,0,0,0,1,0,0,0,0,0,0,0,0,1,0,0,0,447,2000,1137.16,0,0,-51000,21,3,1,2,17680,17680,79560
12,5.0,1,6,4,1,0,0,0,0,0,0,0,0,0,0,1,0,0,0,0,0,0,0,1,0,1,0,1,0,0,0,0,0,60,500,1215.36,3000000,0,0,9,1,1,0,4710,9420,42390
13,1.0,0,6,2,0,0,1,0,0,0,0,0,0,0,0,0,0,0,0,0,0,0,0,1,1,0,0,1,0,0,1,0,0,121,1000,936.61,0,52800,-32800,5,1,1,1,1120,1120,5040
14,2.5,0,3,4,0,1,0,0,0,0,0,1,0,0,0,0,0,0,0,1,0,0,0,0,0,1,0,1,0,0,0,0,1,180,2000,1301.13,0,41300,-55500,12,1,0,2,4200,8400,33600
15,1.0,0,6,3,1,0,0,0,0,0,0,0,0,0,0,0,0,0,1,0,1,0,0,0,0,0,0,0,1,0,0,1,0,473,2000,1131.4,0,55700,0,12,4,0,0,10520,10520,42080
16,5.0,1,3,3,0,1,0,0,0,0,0,1,0,0,0,0,0,0,0,0,0,1,0,0,0,0,0,1,0,0,0,1,0,70,1000,1199.44,5000000,63600,0,0,3,1,2,5790,5790,40530
17,5.0,1,2,4,0,1,0,0,0,0,0,1,0,0,0,0,0,0,0,0,0,0,1,0,0,1,0,0,1,0,0,0,1,140,500,708.64,6000000,53500,0,9,1,0,2,14160,7080,56640
18,5.0,0,6,4,1,0,0,1,0,0,0,0,0,0,0,0,0,0,0,0,1,0,0,0,0,1,0,0,1,0,0,1,0,160,500,1374.22,0,45500,-37800,19,1,1,0,6630,13260,53040
19,5.0,0,2,3,0,0,0,0,0,0,1,0,0,0,0,0,0,0,0,0,0,1,0,0,0,0,0,0,1,0,0,0,1,196,2000,1475.73,0,57000,-27300,8,3,2,0,6040,6040,48320
20,2.5,1,1,2,0,0,0,0,0,0,0,0,1,0,0,0,0,0,0,0,0,1,0,0,0,0,0,1,0,0,0,0,1,460,1000,1187.96,4000000,0,0,20,3,1,0,0,5240,41920
21,5.0,0,5,4,0,0,0,0,0,0,0,1,0,0,0,0,0,0,0,0,0,1,0,0,0,0,0,0,1,0,0,0,1,217,2000,875.15,0,46700,0,15,3,1,2,0,4730,33110
22,1.0,1,2,3,0,1,0,0,0,0,0,0,0,0,1,0,0,0,0,0,1,0,0,0,0,0,0,1,0,0,0,0,0,370,2000,972.18,0,72700,-68200,20,3,0,0,17880,5960,47680
23,1.0,1,6,4,0,0,0,0,0,0,0,0,0,1,0,0,0,0,0,0,0,1,0,0,0,1,0,0,0,0,0,0,0,413,2000,1268.79,0,0,-31000,15,1,2,2,8180,16360,73620
24,1.0,1,3,2,0,0,0,1,0,0,0,0,0,0,0,0,0,0,0,0,0,0,0,0,0,1,0,1,0,0,0,1,0,237,1000,883.31,0,0,-53500,6,1,1,3,7080,14160,56640
25,1.0,1,4,3,0,1,0,0,0,0,0,0,0,0,0,0,1,0,0,0,0,1,0,0,0,0,0,1,0,0,0,1,0,8,2000,1266.92,0,0,0,16,3,1,3,16500,11000,44000
26,1.0,1,2,2,1,1,0,0,0,0,0,0,0,0,1,0,0,0,0,0,0,1,0,0,1,0,0,1,0,0,0,0,1,257,2000,1322.1,0,0,-29200,4,1,1,3,1640,820,6560
27,1.0,1,1,2,1,0,0,0,1,0,0,0,0,0,0,0,0,0,0,1,0,0,0,0,0,0,1,1,0,0,1,0,0,202,500,848.07,3000000,31000,-30200,5,1,2,1,1040,520,4160
28,1.0,0,1,2,0,1,0,0,0,0,0,0,0,0,0,0,1,0,0,1,0,0,0,0,0,1,0,0,1,0,0,1,0,224,2000,1291.7,0,0,-55600,21,1,1,0,7760,15520,46560
29,5.0,0,7,2,0,0,0,0,0,0,0,1,0,0,0,0,0,0,0,0,0,0,1,0,0,1,0,1,0,0,0,0,1,241,2000,1104.5,0,0,0,5,1,2,2,14100,14100,63450
30,2.5,1,4,3,0,0,0,0,0,0,0,0,0,0,1,0,0,0,0,0,0,0,0,0,0,0,0,0,1,0,0,0,0,64,1000,954.16,0,53200,0,22,4,0,0,12600,12600,50400
31,1.0,1,1,3,0,0,0,1,0,0,0,0,0,0,0,0,0,0,0,0,0,0,0,0,0,0,0,0,1,0,0,0,1,166,2000,1337.28,8000000,27500,0,10,3,2,2,7460,7460,52220
32,5.0,0,5,4,1,0,0,0,0,0,0,0,0,0,0,0,0,0,0,0,1,0,0,0,0,0,0,0,0,0,0,0,1,155,1000,1088.34,0,81100,0,16,3,2,3,3310,3310,23170
33,1.0,1,2,3,0,0,0,0,0,1,0,0,0,0,0,0,0,0,0,0,0,0,0,1,0,0,0,0,0,0,0,0,0,114,1000,1558.29,0,51400,-64000,1,3,1,2,14020,14020,49070
34,5.0,1,7,4,1,1,0,0,0,0,0,0,0,0,1,0,0,0,0,0,0,1,0,0,0,1,0,0,1,1,0,0,0,149,500,1415.68,0,0,0,17,1,0,1,10800,5400,48600
35,1.0,1,2,3,1,1,0,1,0,0,0,0,0,0,0,0,0,0,0,1,0,0,0,0,0,1,0,0,0,0,0,1,0,147,1000,1334.15,6000000,53300,-49200,15,1,2,0,10620,5310,37170
36,1.0,0,4,4,0,1,0,0,0,0,0,0,0,0,0,1,0,0,0,0,0,0,1,0,0,1,0,1,0,0,0,0,1,62,1000,988.45,0,0,0,3,1,1,1,6020,6020,48160
37,5.0,0,1,2,0,1,0,0,0,0,0,0,0,1,0,0,0,0,0,0,0,0,1,0,1,0,0,1,0,0,1,0,0,289,2000,1222.48,0,0,0,16,1,1,1,1230,820,3280
38,5.0,0,6,3,0,0,0,1,0,0,0,0,0,0,0,0,0,0,0,0,0,0,1,0,0,0,0,1,0,0,0,0,1,431,2000,1155.55,0,65700,0,4,3,2,0,12460,6230,43610
39,2.5,1,1,3,0,0,0,0,0,0,0,0,0,0,0,0,0,1,0,0,0,0,0,1,0,1,0,0,0,0,0,0,0,199,500,1262.08,0,48500,0,4,1,0,3,10940,10940,38290
40,1.0,1,5,2,0,0,0,0,0,0,0,0,0,0,0,0,0,1,0,1,0,0,0,0,0,1,0,1,0,0,0,0,0,79,500,1451.62,0,0,-55700,19,1,2,2,8000,4000,28000
41,2.5,1,5,3,0,0,0,0,0,0,0,0,0,0,0,0,0,0,1,0,0,0,1,0,0,1,0,0,1,0,0,0,1,116,500,1737.66,0,0,-24100,1,1,1,1,16180,16180,64720
42,5.0,0,3,2,1,0,0,0,0,0,0,0,0,0,1,0,0,0,0,0,0,0,0,0,0,0,0,0,1,0,0,1,0,37,500,1475.93,0,0,-67400,17,3,1,0,5740,5740,40180
43,2.5,0,7,4,0,0,0,0,0,0,0,0,0,0,0,0,0,0,1,0,0,1,0,0,0,1,0,1,0,0,0,1,0,106,500,538.17,0,49700,-60200,23,1,2,2,5680,5680,39760
44,1.0,1,1,2,1,0,0,0,0,0,0,0,0,1,0,0,0,0,0,0,0,0,1,0,0,1,0,0,0,0,0,1,0,269,2000,1081.08,0,36400,-28700,14,1,0,2,11280,11280,33840
45,2.5,0,6,4,0,0,0,0,0,0,0,0,0,0,0,1,0,0,0,0,0,0,0,0,0,0,0,1,0,0,0,1,0,265,1000,1454.43,0,0,0,17,3,2,3,6890,0,48230
46,1.0,0,5,4,1,0,0,0,0,0,0,0,1,0,0,0,0,0,0,0,0,0,0,0,0,0,0,1,0,1,0,0,0,163,500,1240.47,0,35300,0,11,3,1,1,0,14020,63090
47,5.0,1,3,3,0,0,0,0,0,0,0,0,1,0,0,0,0,0,0,0,0,0,0,0,0,0,0,0,0,1,0,0,0,355,2000,1273.7,4000000,0,0,19,3,2,1,6280,6280,50240
48,5.0,0,7,1,0,1,0,0,0,0,0,0,0,0,0,1,0,0,0,0,1,0,0,0,0,0,1,1,0,0,0,0,1,175,1000,1123.87,8000000,0,0,5,1,2,0,810,810,5670
49,1.0,0,4,4,0,0,0,0,1,0,0,0,0,0,0,0,0,0,0,0,0,0,0,1,0,1,0,1,0,0,0,1,0,192,1000,1245.89,0,0,-40300,19,1,0,0,15320,7660,53620
50,2.5,1,6,2,0,1,0,0,0,0,0,0,1,0,0,0,0,0,0,0,0,1,0,0,0,0,0,0,0,1,0,0,0,430,2000,1326.62,7000000,0,0,19,3,0,3,16360,8180,57260
51,1.0,0,1,1,0,0,0,0,0,1,0,0,0,0,0,0,0,0,0,0,0,0,0,0,0,0,1,1,0,0,1,0,0,91,2000,1073.83,0,0,0,4,1,1,2,1320,660,5280
52,1.0,1,3,2,0,1,1,0,0,0,0,0,0,0,0,0,0,0,0,1,0,0,0,0,0,0,1,1,0,0,1,0,0,217,1000,1530.52,0,0,0,8,1,2,1,430,430,3440
53,1.0,0,1,3,1,0,0,0,0,0,0,0,0,1,0,0,0,0,0,0,0,0,0,0,0,0,0,0,1,0,0,0,1,223,500,1201.41,0,88400,-46500,7,3,1,0,12820,12820,44870
54,2.5,1,7,2,0,1,0,0,0,0,0,1,0,0,0,0,0,0,0,1,0,0,0,0,1,0,0,1,0,0,0,0,1,195,1000,1393.57,0,47600,-39600,5,1,0,1,480,480,1680
55,1.0,1,7,2,1,0,0,1,0,0,0,0,0,0,0,0,0,0,0,1,0,0,0,0,0,1,0,1,0,1,0,0,0,22,1000,1276.57,0,71500,0,3,1,1,2,15780,7890,55230
56,2.5,0,7,3,0,0,0,0,0,0,0,0,0,0,1,0,0,0,0,0,0,0,1,0,0,0,0,0,0,1,0,0,0,439,500,1082.49,0,36100,-55000,12,3,2,3,0,6270,50160
57,5.0,0,4,2,0,0,0,0,0,0,0,0,0,0,0,0,0,0,0,0,0,1,0,0,1,0,0,1,0,0,1,0,0,94,1000,1414.74,0,0,0,19,1,1,3,300,300,1800
58,2.5,1,7,4,1,0,0,0,0,0,0,0,1,0,0,0,0,0,0,0,0,0,0,0,0,1,0,0,0,0,0,0,0,11,2000,1470.06,0,56600,-45800,22,1,0,1,7310,7310,51170
59,2.5,0,6,2,0,0,0,0,0,0,0,0,0,0,0,0,0,0,0,0,0,1,0,0,0,0,0,0,1,0,0,0,1,151,2000,870.63,0,94800,-58500,12,3,1,1,11440,5720,45760
60,1.0,1,7,3,1,0,0,0,0,0,0,1,0,0,0,0,0,0,0,0,1,0,0,0,0,0,0,1,0,0,0,0,1,154,500,795.23,0,36900,0,15,3,2,1,15440,0,54040
61,5.0,1,1,4,0,0,0,0,0,0,1,0,0,0,0,0,0,0,0,0,0,0,0,0,0,0,0,0,1,0,0,1,0,245,1000,1168.2,0,69100,0,23,3,0,3,7380,3690,33210
62,5.0,1,2,2,0,1,1,0,0,0,0,0,0,0,0,0,0,0,0,0,0,0,1,0,0,1,0,0,1,0,0,1,0,119,1000,993.51,0,0,-49500,12,1,0,3,5630,11260,39410
63,5.0,1,1,3,1,1,0,0,0,0,0,0,0,0,0,0,0,0,1,0,0,1,0,0,0,0,0,0,0,1,0,0,0,215,500,1848.81,0,0,-49000,20,3,2,2,11420,5710,51390
64,2.5,1,7,4,0,0,0,0,0,0,0,0,0,0,0,0,1,0,0,1,0,0,0,0,0,0,0,1,0,1,0,0,0,295,2000,1641.73,5000000,62400,0,16,3,0,0,6570,6570,45990
65,1.0,0,6,2,1,0,0,0,1,0,0,0,0,0,0,0,0,0,0,0,1,0,0,0,0,0,0,0,0,0,0,0,0,254,500,1362.87,0,35700,0,6,3,2,2,13720,6860,61740
66,2.5,0,2,2,1,0,0,0,0,0,0,0,0,0,0,0,0,1,0,1,0,0,0,0,0,1,0,0,1,1,0,0,0,107,500,1239.22,7000000,43400,-91200,12,1,0,1,13800,13800,62100
67,2.5,0,5,2,0,0,0,0,0,0,0,0,0,0,0,0,0,0,0,0,0,0,1,0,0,0,0,0,1,1,0,0,0,478,500,835.02,0,59600,0,17,3,1,1,0,3770,30160
68,1.0,1,6,3,0,0,0,0,0,0,0,1,0,0,0,0,0,0,0,0,0,1,0,0,0,1,0,0,0,0,0,0,0,128,1000,1061.33,0,43300,-66200,8,1,0,3,12460,6230,49840
69,5.0,1,6,2,0,0,0,0,0,0,0,0,1,0,0,0,0,0,0,0,0,1,0,0,1,0,0,1,0,0,1,0,0,338,1000,1279.08,0,0,-51500,13,1,0,1,860,860,2580
70,1.0,0,5,3,0,0,0,0,0,0,0,0,0,0,1,0,0,0,0,0,0,1,0,0,0,0,0,0,1,0,0,1,0,271,500,1105.49,0,56200,-50000,12,2,2,3,12420,6210,49680
71,1.0,0,6,4,0,0,1,0,0,0,0,0,0,0,0,0,0,0,0,1,0,0,0,0,0,1,0,0,0,0,0,1,0,222,2000,1055.53,0,37800,-50300,7,1,0,2,6810,6810,47670
72,2.5,0,5,2,0,0,0,0,0,0,0,0,0,0,0,0,1,0,0,0,0,0,0,0,0,1,0,1,0,0,0,0,0,199,1000,895.83,0,0,0,10,1,1,2,3010,0,27090
73,1.0,0,3,2,0,1,0,0,0,0,0,0,0,0,0,0,0,0,1,1,0,0,0,0,0,0,0,1,0,1,0,0,0,215,500,1632.93,0,0,-42900,7,3,2,0,9520,4760,42840
74,1.0,0,5,2,1,1,0,0,0,0,0,0,0,0,0,0,1,0,0,0,0,0,0,1,0,0,0,0,1,0,0,0,0,192,1000,1405.99,0,0,0,18,3,1,0,9540,4770,28620
75,1.0,0,2,4,0,0,0,0,0,0,0,0,0,0,0,0,0,0,1,0,1,0,0,0,0,0,0,0,0,0,0,0,0,120,1000,1425.54,0,78300,0,22,3,2,0,11380,5690,34140
76,5.0,0,3,2,0,1,0,0,0,0,1,0,0,0,0,0,0,0,0,0,0,0,0,0,0,0,0,0,0,1,0,0,0,270,1000,1038.09,0,0,-19700,18,3,1,1,14900,7450,67050
77,2.5,1,3,4,0,0,0,0,0,0,0,0,0,0,0,0,0,0,1,1,0,0,0,0,0,0,0,0,0,0,0,0,1,319,500,1307.11,0,0,0,22,3,0,2,10860,10860,38010
78,5.0,0,1,2,1,1,0,0,0,0,0,0,1,0,0,0,0,0,0,0,0,0,0,1,0,0,1,1,0,0,1,0,0,194,1000,1489.24,6000000,0,-45000,15,1,2,2,1240,1240,5580
79,5.0,0,7,3,0,0,0,0,0,0,1,0,0,0,0,0,0,0,0,0,0,0,1,0,0,1,0,1,0,1,0,0,0,227,500,976.67,0,0,0,16,1,1,2,14440,7220,50540
80,2.5,1,2,2,0,0,0,0,1,0,0,0,0,0,0,0,0,0,0,0,0,0,0,0,0,0,0,0,1,0,0,0,0,137,2000,1340.43,0,52700,-40600,6,3,1,2,10160,10160,30480
81,5.0,0,4,1,0,0,0,0,1,0,0,0,0,0,0,0,0,0,0,0,0,0,0,1,0,0,1,1,0,0,1,0,0,244,2000,1267.81,5000000,0,0,10,1,2,1,660,1320,4620
82,2.5,1,4,2,1,0,0,0,0,0,0,0,1,0,0,0,0,0,0,0,1,0,0,0,0,0,1,1,0,0,0,0,1,78,1000,1234.2,6000000,0,0,3,1,2,2,750,1500,5250
83,2.5,1,2,1,0,1,0,0,1,0,0,0,0,0,0,0,0,0,0,0,0,0,0,1,0,0,1,1,0,0,1,0,0,200,2000,1318.06,0,57300,-80600,13,1,0,3,1180,1180,4130
84,5.0,1,4,3,0,0,0,0,0,0,0,0,0,0,1,0,0,0,0,1,0,0,0,0,0,0,0,0,1,0,0,0,0,284,2000,769.95,0,0,-44200,16,2,2,3,5540,11080,44320
85,1.0,1,2,3,1,0,0,0,0,0,0,0,0,0,0,0,0,0,1,0,0,1,0,0,0,0,0,0,0,1,0,0,0,275,2000,1514.72,0,35700,0,13,3,0,1,5830,11660,40810
86,5.0,0,5,2,0,0,0,0,0,0,0,0,0,1,0,0,0,0,0,0,0,0,0,0,0,0,0,0,0,0,0,1,0,153,1000,873.64,4000000,800,0,9,3,2,1,11400,11400,45600
87,5.0,0,6,4,0,1,0,0,0,0,0,0,1,0,0,0,0,0,0,0,0,1,0,0,0,1,0,0,1,1,0,0,0,134,500,1612.43,0,36400,0,2,1,2,1,11680,11680,40880
88,5.0,0,3,1,0,1,0,0,0,0,0,0,0,0,1,0,0,0,0,1,0,0,0,0,1,0,0,1,0,0,1,0,0,31,2000,1318.24,9000000,0,-78600,9,1,0,1,940,470,3290
89,1.0,0,3,3,1,0,0,0,1,0,0,0,0,0,0,0,0,0,0,1,0,0,0,0,0,0,0,0,1,0,0,1,0,41,1000,1226.83,0,0,-56100,12,3,2,0,0,5640,39480
90,2.5,0,2,4,1,0,0,0,0,0,0,0,0,0,0,0,1,0,0,0,0,1,0,0,0,0,0,0,0,1,0,0,0,127,2000,1326.44,5000000,0,0,12,2,1,1,10300,10300,46350
91,2.5,0,5,3,0,0,0,0,0,0,0,0,0,0,0,0,0,1,0,0,0,1,0,0,0,1,0,0,1,0,0,0,1,61,2000,1136.83,4000000,0,-62400,14,1,0,3,8940,17880,71520
92,2.5,1,7,1,0,0,0,0,0,1,0,0,0,0,0,0,0,0,0,0,0,1,0,0,1,0,0,1,0,0,1,0,0,207,2000,1322.78,0,55200,0,9,1,0,1,590,590,4720
93,1.0,0,6,3,0,0,0,0,1,0,0,0,0,0,0,0,0,0,0,1,0,0,0,0,0,0,0,0,0,0,0,0,0,219,1000,1483.25,0,90700,-20800,3,3,1,1,5890,11780,53010
94,1.0,0,2,4,0,0,0,0,0,0,0,1,0,0,0,0,0,0,0,1,0,0,0,0,0,0,0,1,0,0,0,0,0,271,500,1515.3,0,0,0,21,3,1,0,17040,8520,68160
95,1.0,0,7,2,0,1,1,0,0,0,0,0,0,0,0,0,0,0,0,0,0,0,0,0,0,0,1,1,0,0,1,0,0,80,2000,1075.18,5000000,67700,-58400,5,1,2,0,1260,630,5040
96,5.0,0,5,3,1,0,0,0,0,0,0,0,0,0,0,1,0,0,0,1,0,0,0,0,0,1,0,0,1,1,0,0,0,325,1000,1690.27,0,61500,0,11,1,0,3,6630,6630,59670
97,2.5,1,4,2,1,1,0,0,0,1,0,0,0,0,0,0,0,0,0,0,0,1,0,0,0,0,0,1,0,0,0,1,0,29,2000,1352.83,0,0,-71700,4,4,1,2,7210,7210,50470
98,2.5,0,3,1,0,1,0,0,0,0,0,1,0,0,0,0,0,0,0,0,0,0,0,1,1,0,0,1,0,0,1,0,0,295,1000,1148.73,0,0,0,6,1,1,2,900,900,3600
99,1.0,1,3,1,0,0,0,0,1,0,0,0,0,0,0,0,0,0,0,1,0,0,0,0,0,0,1,1,0,0,1,0,0,239,1000,969.5,0,0,0,10,1,0,0,700,700,4200
100,1.0,0,3,2,1,0,0,0,0,0,0,0,0,0,0,1,0,0,0,1,0,0,0,0,0,1,0,1,0,0,0,0,1,269,500,1463.82,0,0,-72300,23,1,0,0,15860,15860,47580
101,1.0,0,3,3,1,1,0,0,0,0,0,0,0,0,0,0,0,1,0,0,0,0,1,0,0,1,0,0,1,0,0,0,1,80,1000,1474.17,0,0,0,13,1,1,0,10560,5280,36960
102,2.5,0,1,2,0,0,0,0,0,0,0,0,0,0,1,0,0,0,0,0,0,0,0,0,0,0,0,0,0,1,0,0,0,279,500,1497.35,0,37300,-31700,16,3,2,3,0,3600,25200
103,1.0,0,5,2,0,0,0,0,0,0,0,0,0,0,0,0,0,1,0,0,1,0,0,0,1,0,0,1,0,0,0,0,1,165,1000,1427.14,0,35300,-58100,3,1,1,1,330,330,2310
104,5.0,1,3,4,0,0,0,0,0,0,0,0,1,0,0,0,0,0,0,0,0,0,0,1,0,0,0,0,1,0,0,0,1,350,500,1495.1,0,50500,0,15,3,0,0,15580,7790,70110
105,1.0,1,3,2,1,1,0,0,0,0,0,0,0,0,1,0,0,0,0,0,0,0,0,0,0,0,1,1,0,0,1,0,0,295,500,1141.62,0,34300,-24300,4,1,1,3,480,480,3360
106,5.0,0,5,3,0,1,0,0,0,0,0,0,0,0,1,0,0,0,0,0,0,0,0,0,0,0,0,1,0,0,0,0,1,464,1000,1125.37,0,0,-56400,6,3,0,2,6650,19950,53200
107,5.0,0,2,3,0,0,0,0,0,0,1,0,0,0,0,0,0,0,0,0,0,1,0,0,0,0,0,0,0,0,0,0,0,118,2000,1207.36,0,0,-57000,22,2,1,0,7420,14840,51940
108,5.0,0,7,3,0,0,0,0,0,0,0,1,0,0,0,0,0,0,0,0,1,0,0,0,0,1,0,0,0,1,0,0,0,298,2000,1338.5,0,28800,0,1,1,0,0,10860,10860,48870
109,5.0,0,4,3,0,1,0,0,0,0,0,0,0,0,0,0,1,0,0,0,0,0,0,0,0,0,0,1,0,1,0,0,0,87,1000,1074.07,0,0,-47500,16,3,0,3,5540,11080,44320
110,2.5,0,3,2,0,1,0,0,0,0,0,0,0,0,1,0,0,0,0,0,0,0,1,0,0,1,0,1,0,0,0,0,1,261,500,1337.56,0,0,0,18,1,1,2,7470,14940,52290
111,1.0,1,7,3,1,0,0,1,0,0,0,0,0,0,0,0,0,0,0,0,0,0,1,0,0,1,0,0,0,1,0,0,0,453,500,1298.91,6000000,52600,-38800,0,1,0,0,14000,7000,49000
112,5.0,1,2,4,0,0,0,0,1,0,0,0,0,0,0,0,0,0,0,0,1,0,0,0,0,0,0,1,0,0,0,1,0,210,500,1222.75,0,0,-41000,12,3,2,0,14740,14740,51590
113,1.0,1,6,3,0,0,0,0,0,0,0,0,0,0,0,1,0,0,0,0,0,1,0,0,0,0,0,0,1,0,0,1,0,168,1000,1059.52,0,0,-40600,13,2,1,1,14430,9620,33670
114,2.5,1,5,2,1,1,1,0,0,0,0,0,0,0,0,0,0,0,0,0,1,0,0,0,0,0,1,1,0,0,1,0,0,390,2000,1124.38,0,0,0,9,1,1,1,1180,1180,4720
115,1.0,1,6,4,0,0,0,0,0,0,0,1,0,0,0,0,0,0,0,0,1,0,0,0,0,0,0,0,1,0,0,1,0,258,1000,1110.37,10000000,34400,-56800,14,3,0,1,4770,9540,33390
116,5.0,0,7,2,0,0,0,0,0,0,0,1,0,0,0,0,0,0,0,0,1,0,0,0,0,1,0,1,0,0,0,0,1,107,2000,1374.22,0,62000,-63100,16,1,0,3,9320,9320,32620
117,5.0,1,2,3,0,0,0,0,1,0,0,0,0,0,0,0,0,0,0,0,0,0,1,0,0,0,0,0,1,0,0,0,1,225,2000,1103.58,0,41200,-36200,20,3,2,2,6400,12800,51200
118,2.5,0,7,2,0,1,0,0,0,0,0,0,0,0,0,0,0,0,1,1,0,0,0,0,0,1,0,1,0,1,0,0,0,164,2000,1269.76,0,44300,0,4,1,1,3,18000,9000,63000
119,2.5,0,5,2,0,0,0,0,0,0,0,0,0,0,0,0,0,0,0,0,0,0,0,0,0,0,0,1,0,0,0,0,1,245,500,964.79,8000000,58000,0,7,3,0,1,13240,6620,52960
120,5.0,1,2,2,0,0,0,0,0,0,0,0,0,1,0,0,0,0,0,0,1,0,0,0,0,1,0,0,1,1,0,0,0,255,2000,1167.3,4000000,0,0,22,1,2,0,13860,13860,41580
121,5.0,0,6,3,0,0,0,0,0,0,0,0,1,0,0,0,0,0,0,0,1,0,0,0,0,1,0,0,0,0,0,0,0,206,500,1625.45,4000000,0,-53700,11,1,2,1,12760,12760,51040
122,2.5,0,4,3,0,1,0,0,0,0,0,0,1,0,0,0,0,0,0,1,0,0,0,0,0,1,0,0,0,0,0,0,0,203,500,1394.43,0,0,0,7,1,0,1,0,6160,49280
123,2.5,0,3,4,1,0,0,0,0,0,0,0,0,0,1,0,0,0,0,0,1,0,0,0,0,0,0,0,0,0,0,1,0,22,2000,1053.24,0,51100,0,0,4,1,0,8570,17140,51420
124,1.0,0,1,4,1,0,0,0,0,0,0,0,0,0,1,0,0,0,0,1,0,0,0,0,0,1,0,1,0,0,0,0,0,211,500,1040.75,0,0,0,1,1,1,1,7000,7000,28000
125,2.5,1,1,4,0,1,0,1,0,0,0,0,0,0,0,0,0,0,0,0,0,0,1,0,0,0,0,1,0,0,0,0,0,206,1000,1302.4,6000000,47200,-69700,12,3,2,3,3300,9900,23100
126,1.0,1,6,4,0,0,0,0,0,0,0,0,0,0,0,1,0,0,0,0,0,0,1,0,0,1,0,0,1,0,0,1,0,166,2000,1588.55,0,59600,-32100,8,1,0,0,5760,5760,28800
127,5.0,0,2,2,0,0,0,0,0,0,0,0,0,0,0,0,0,1,0,0,0,1,0,0,1,0,0,1,0,0,0,0,1,165,500,1399.26,0,70500,0,9,1,2,0,330,660,2970
128,1.0,1,3,3,1,1,0,0,0,1,0,0,0,0,0,0,0,0,0,0,0,0,0,1,0,1,0,0,0,1,0,0,0,274,2000,1352.31,0,40700,-47300,22,1,0,3,10640,10640,42560
129,2.5,0,4,3,0,0,0,0,0,0,0,0,0,0,0,0,1,0,0,0,0,0,0,0,0,0,0,0,0,1,0,0,0,81,1000,1139.0,6000000,42400,0,0,3,1,2,4970,4970,34790
130,2.5,1,1,2,1,0,0,0,0,0,0,1,0,0,0,0,0,0,0,0,0,0,0,1,0,0,0,0,0,0,0,1,0,280,1000,1397.67,0,57900,0,0,3,1,2,14120,14120,56480
131,2.5,1,4,3,0,0,0,0,0,0,0,0,0,0,0,0,0,0,0,0,0,1,0,0,0,0,0,0,0,0,0,1,0,194,500,823.17,0,0,0,3,3,2,2,6150,12300,43050
132,1.0,0,4,3,0,0,0,0,0,0,0,0,0,0,0,0,0,1,0,0,0,0,1,0,0,0,0,0,0,0,0,0,0,112,500,965.13,0,60000,-54800,21,3,0,1,8500,8500,34000
133,5.0,0,2,4,0,0,0,0,0,0,0,1,0,0,0,0,0,0,0,0,0,0,0,1,0,1,0,0,1,0,0,0,1,24,1000,1922.84,0,0,-45200,0,1,2,1,4680,9360,32760
134,2.5,1,7,2,0,0,0,0,1,0,0,0,0,0,0,0,0,0,0,0,0,0,1,0,0,1,0,0,1,0,0,0,0,93,2000,1624.82,0,65300,-65600,16,1,1,1,17360,8680,52080
135,2.5,0,3,3,0,0,0,0,1,0,0,0,0,0,0,0,0,0,0,0,1,0,0,0,0,1,0,1,0,0,0,0,1,171,2000,1277.25,0,84900,0,14,1,1,2,13840,6920,48440
136,1.0,0,2,2,0,0,0,0,0,0,0,0,0,0,0,0,1,0,0,0,1,0,0,0,0,0,1,1,0,0,0,0,1,200,1000,1439.34,0,45300,-20400,9,1,0,0,410,410,2870
137,2.5,0,7,2,0,0,0,0,0,0,0,0,0,0,0,0,0,1,0,1,0,0,0,0,0,0,0,1,0,1,0,0,0,120,1000,1281.27,0,68900,0,9,3,0,3,6550,6550,52400
138,5.0,0,2,2,0,1,0,0,0,0,0,0,0,0,1,0,0,0,0,0,0,0,0,1,0,0,0,1,0,1,0,0,0,325,500,1348.83,0,46300,-77500,21,3,1,2,13840,6920,55360
139,2.5,0,6,4,0,1,0,0,0,0,0,0,1,0,0,0,0,0,0,1,0,0,0,0,0,0,0,0,0,0,0,1,0,124,1000,1198.15,0,0,-43200,19,3,0,2,12260,12260,49040
140,1.0,1,4,4,1,0,0,0,0,0,0,1,0,0,0,0,0,0,0,0,1,0,0,0,0,1,0,1,0,0,0,0,1,211,2000,1221.22,0,76000,0,2,1,0,1,9460,4730,37840
141,5.0,1,4,1,0,0,0,0,0,0,0,0,0,0,0,0,0,0,1,0,0,0,0,1,0,0,1,1,0,0,1,0,0,287,2000,968.74,0,0,-49000,9,1,2,3,470,940,3760
142,2.5,1,7,2,0,1,0,0,0,0,0,1,0,0,0,0,0,0,0,0,0,1,0,0,1,0,0,1,0,0,1,0,0,122,1000,1220.71,0,58600,-28700,5,1,2,1,1890,1260,5040
143,2.5,1,6,3,0,0,0,0,1,0,0,0,0,0,0,0,0,0,0,0,1,0,0,0,0,1,0,1,0,0,0,0,0,22,2000,1238.62,6000000,0,-56200,14,1,2,3,7080,14160,49560
144,5.0,0,1,4,0,1,0,0,0,1,0,0,0,0,0,0,0,0,0,0,0,0,0,1,0,0,0,1,0,0,0,0,1,106,2000,1320.75,0,54100,0,20,3,0,3,5070,5070,35490
145,1.0,0,5,3,1,0,0,0,1,0,0,0,0,0,0,0,0,0,0,0,0,0,0,1,0,1,0,0,0,0,0,0,1,398,500,990.98,0,0,-57900,18,1,2,1,7640,15280,76400
146,5.0,1,4,3,0,0,0,0,0,0,0,0,0,0,0,0,0,1,0,1,0,0,0,0,0,0,0,0,1,1,0,0,0,214,500,1398.51,4000000,0,-57100,13,3,2,0,12800,6400,44800
147,1.0,0,6,2,0,0,0,0,0,0,0,0,1,0,0,0,0,0,0,0,1,0,0,0,0,1,0,0,0,1,0,0,0,209,500,1355.08,0,58100,0,21,1,1,1,4730,4730,37840
148,1.0,1,7,3,0,0,0,0,0,0,0,0,0,0,0,0,0,0,0,1,0,0,0,0,0,1,0,1,0,0,0,1,0,82,1000,1384.51,0,13100,-38200,14,1,2,3,8960,8960,53760
149,2.5,0,1,3,0,1,0,1,0,0,0,0,0,0,0,0,0,0,0,1,0,0,0,0,0,1,0,0,1,0,0,1,0,193,500,847.03,0,0,0,1,1,1,0,17280,17280,77760
150,1.0,0,7,4,0,0,0,0,0,1,0,0,0,0,0,0,0,0,0,0,0,0,0,1,0,1,0,0,1,0,0,1,0,134,1000,1000.06,0,0,0,17,1,1,0,7520,15040,60160
151,1.0,1,4,3,0,0,0,0,0,0,0,0,0,1,0,0,0,0,0,0,0,0,0,0,0,0,0,1,0,1,0,0,0,288,1000,1046.71,0,0,0,4,3,2,1,10680,5340,32040
152,2.5,1,2,4,1,1,0,0,1,0,0,0,0,0,0,0,0,0,0,0,0,1,0,0,0,0,0,1,0,0,0,0,1,104,500,1158.03,0,31900,-44600,23,3,1,3,9780,9780,44010
153,1.0,0,4,4,0,0,0,1,0,0,0,0,0,0,0,0,0,0,0,0,0,1,0,0,0,0,0,1,0,1,0,0,0,431,1000,1372.27,0,17600,0,13,3,2,3,10540,10540,42160
154,1.0,0,4,2,0,0,0,0,0,0,0,0,1,0,0,0,0,0,0,0,0,1,0,0,0,0,0,1,0,0,0,0,0,101,1000,1053.04,7000000,52000,-44500,20,3,1,3,9040,9040,36160
155,1.0,1,5,3,1,0,0,0,0,0,0,0,0,0,0,0,1,0,0,0,1,0,0,0,0,1,0,0,0,0,0,0,1,375,1000,1275.39,0,0,0,16,1,2,3,0,0,37280
156,1.0,1,1,2,0,1,0,0,1,0,0,0,0,0,0,0,0,0,0,0,0,0,0,0,0,0,0,1,0,0,0,0,1,461,2000,1402.75,0,0,0,10,3,2,1,7210,14420,50470
157,2.5,0,1,2,0,0,0,0,0,0,0,0,0,0,1,0,0,0,0,0,1,0,0,0,1,0,0,1,0,0,1,0,0,428,500,1344.36,7000000,0,0,8,1,2,3,1300,650,4550
158,1.0,1,4,4,0,0,0,0,0,0,0,1,0,0,0,0,0,0,0,1,0,0,0,0,0,0,0,0,0,0,0,0,0,45,1000,1197.71,0,29000,0,17,3,2,0,13040,13040,52160
159,1.0,0,1,2,0,0,0,0,0,0,0,0,0,0,0,0,0,0,1,0,1,0,0,0,0,0,1,1,0,0,0,0,1,136,500,1203.24,0,62500,-66900,9,1,2,0,1240,620,4340
160,5.0,0,5,2,1,0,0,0,0,0,0,0,0,1,0,0,0,0,0,0,0,0,1,0,1,0,0,1,0,0,0,0,1,216,1000,1152.4,0,39600,-82400,0,1,2,3,560,1680,3920
161,5.0,0,6,4,0,0,0,0,0,1,0,0,0,0,0,0,0,0,0,1,0,0,0,0,0,1,0,0,0,0,0,0,0,278,2000,1142.62,7000000,0,-54000,12,1,2,0,11700,11700,52650
162,5.0,0,6,4,0,1,0,0,1,0,0,0,0,0,0,0,0,0,0,0,0,0,1,0,0,0,0,0,1,0,0,0,0,295,1000,1332.07,0,49700,-59100,20,2,2,1,13240,13240,59580
163,5.0,0,4,3,1,0,0,0,0,0,0,0,0,0,1,0,0,0,0,1,0,0,0,0,0,1,0,0,0,1,0,0,0,112,1000,1166.54,0,47700,-59300,3,1,2,0,10790,21580,75530
164,2.5,0,4,4,0,1,0,0,0,0,0,0,0,0,1,0,0,0,0,0,0,0,1,0,0,0,0,1,0,1,0,0,0,122,500,1495.06,0,38100,-31400,18,3,2,0,18180,18180,63630
165,5.0,0,7,2,0,1,1,0,0,0,0,0,0,0,0,0,0,0,0,1,0,0,0,0,0,0,0,0,1,0,0,0,0,108,1000,1337.92,0,71400,0,4,3,2,2,11160,5580,44640
166,2.5,0,5,3,0,1,0,1,0,0,0,0,0,0,0,0,0,0,0,0,0,0,1,0,0,1,0,1,0,1,0,0,0,14,2000,1587.96,0,0,-26900,18,1,2,1,12960,12960,45360
167,5.0,1,2,2,0,0,0,0,0,1,0,0,0,0,0,0,0,0,0,0,0,0,1,0,0,0,0,0,0,0,0,0,0,298,1000,1362.29,0,0,-51100,18,3,0,0,12800,6400,44800
168,2.5,0,4,1,0,0,0,0,0,0,0,1,0,0,0,0,0,0,0,0,0,0,0,0,1,0,0,1,0,0,0,0,1,276,500,1448.84,0,0,-50000,7,1,0,1,660,660,4620
169,2.5,1,2,2,0,0,0,0,0,0,0,0,1,0,0,0,0,0,0,1,0,0,0,0,1,0,0,1,0,0,1,0,0,47,2000,1241.97,0,75400,0,18,1,1,0,670,670,5360
170,2.5,1,5,2,1,0,1,0,0,0,0,0,0,0,0,0,0,0,0,1,0,0,0,0,0,0,0,1,0,0,0,0,1,222,500,1124.6,0,0,0,23,3,0,0,11940,7960,31840
171,2.5,1,2,4,0,1,0,0,0,0,0,1,0,0,0,0,0,0,0,0,0,0,0,0,0,1,0,1,0,0,0,0,0,119,2000,1079.92,0,88800,0,1,1,0,1,6700,6700,40200
172,2.5,1,3,4,1,0,0,0,0,0,0,0,0,0,0,1,0,0,0,0,0,0,0,1,0,0,0,1,0,0,0,1,0,73,1000,1447.78,0,35100,-59900,15,3,1,0,4990,4990,34930
173,2.5,0,6,3,0,1,0,0,0,0,0,0,0,0,0,0,0,0,1,0,0,0,0,1,0,0,0,0,0,1,0,0,0,8,500,1229.16,4000000,0,-88300,2,3,0,2,11100,7400,29600
174,1.0,0,7,1,0,0,0,0,0,1,0,0,0,0,0,0,0,0,0,0,0,0,1,0,0,0,1,1,0,0,1,0,0,294,1000,1226.49,0,53900,0,3,1,0,1,610,1220,4270
175,1.0,1,6,2,0,1,0,0,0,0,0,0,0,0,0,0,0,1,0,0,0,0,0,1,0,1,0,1,0,0,0,1,0,324,2000,897.89,6000000,0,-41300,13,1,1,0,15920,15920,47760
176,1.0,1,4,2,0,1,0,0,0,0,0,0,0,0,0,1,0,0,0,0,1,0,0,0,0,1,0,0,0,0,0,0,0,155,500,1706.79,0,0,0,1,1,1,1,8560,8560,59920
177,2.5,0,7,2,1,0,0,0,0,0,0,0,0,0,1,0,0,0,0,0,1,0,0,0,0,1,0,1,0,1,0,0,0,261,1000,1254.18,0,0,-45100,16,1,0,1,11380,11380,39830
178,5.0,0,4,4,1,0,1,0,0,0,0,0,0,0,0,0,0,0,0,0,1,0,0,0,0,1,0,0,0,0,0,1,0,245,500,885.08,0,27000,-58900,0,1,0,1,13100,13100,58950
179,1.0,1,6,1,0,0,0,0,0,0,0,0,0,0,0,0,0,1,0,0,0,0,0,1,0,0,1,1,0,0,1,0,0,235,500,1046.58,4000000,0,-31700,1,1,2,1,450,900,3600
180,5.0,1,5,3,0,1,0,0,0,0,1,0,0,0,0,0,0,0,0,1,0,0,0,0,0,0,0,0,1,1,0,0,0,53,2000,1712.68,0,72200,0,17,3,2,0,10220,5110,35770
181,5.0,0,4,2,1,0,0,0,0,0,0,0,0,0,0,0,0,0,0,1,0,0,0,0,0,1,0,0,1,0,0,0,1,426,2000,1097.71,0,29600,-22300,13,1,2,3,16800,16800,67200
182,2.5,0,4,4,1,0,0,0,0,0,0,0,0,0,0,0,0,1,0,0,0,0,0,0,0,1,0,0,1,0,0,0,1,111,500,1363.77,4000000,51100,0,12,1,2,3,16540,16540,57890
183,1.0,1,1,2,0,1,0,0,0,0,0,0,0,0,0,0,0,1,0,0,1,0,0,0,0,1,0,1,0,0,0,0,1,86,500,1382.88,7000000,0,-30300,11,1,1,1,14880,7440,59520
184,1.0,1,4,3,0,0,0,1,0,0,0,0,0,0,0,0,0,0,0,1,0,0,0,0,0,1,0,0,0,0,0,0,0,296,1000,1141.35,7000000,0,0,18,1,0,2,5490,5490,43920
185,5.0,1,1,4,1,0,0,0,0,0,0,0,0,0,0,0,0,1,0,0,0,0,0,0,0,1,0,0,0,1,0,0,0,125,500,1054.83,7000000,0,-51300,17,1,2,3,8060,16120,64480
186,1.0,0,1,4,0,0,0,0,0,0,0,0,0,0,0,0,0,1,0,0,0,0,1,0,0,0,0,0,0,0,0,0,0,177,2000,1057.77,0,0,-57700,22,3,1,1,2250,2250,13500
187,2.5,0,1,2,1,1,0,0,0,0,0,0,0,0,0,1,0,0,0,0,1,0,0,0,0,0,1,1,0,0,0,0,1,238,2000,1488.02,0,0,-39200,9,1,1,3,1100,550,3850
188,1.0,0,2,3,0,0,0,0,0,0,0,0,0,0,0,0,0,1,0,0,0,1,0,0,0,0,0,1,0,0,0,1,0,81,500,920.3,5000000,51000,-67900,11,3,1,0,13440,6720,53760
189,5.0,0,2,4,0,1,0,0,0,0,0,0,0,0,0,0,0,0,0,0,1,0,0,0,0,1,0,1,0,0,0,0,0,128,1000,986.53,0,62700,0,11,1,0,2,18520,18520,64820
190,2.5,1,5,2,1,1,0,0,0,0,0,0,0,0,0,0,0,1,0,0,0,1,0,0,1,0,0,1,0,0,1,0,0,449,2000,1440.68,0,25000,0,8,1,0,1,980,980,3430
191,2.5,1,1,2,0,0,0,0,0,1,0,0,0,0,0,0,0,0,0,0,0,0,1,0,0,1,0,0,1,0,0,0,1,252,1000,1086.21,0,68500,-57500,18,1,1,2,5610,5610,39270
192,1.0,0,6,4,0,0,0,0,0,0,1,0,0,0,0,0,0,0,0,0,0,0,1,0,0,1,0,0,0,0,0,0,1,359,2000,1367.68,0,0,0,13,1,0,3,5550,11100,38850
193,5.0,1,2,2,1,1,0,0,0,0,0,0,1,0,0,0,0,0,0,0,0,0,0,0,0,0,1,1,0,0,0,0,1,19,1000,1215.85,0,42900,-90200,8,1,1,1,1280,640,5120
194,2.5,1,6,4,0,1,0,0,0,1,0,0,0,0,0,0,0,0,0,1,0,0,0,0,0,0,0,1,0,0,0,1,0,73,2000,1191.19,4000000,29300,0,9,3,0,1,5020,0,35140
195,5.0,1,2,4,1,0,0,0,0,0,1,0,0,0,0,0,0,0,0,0,0,0,0,0,0,0,0,0,1,1,0,0,0,285,1000,1594.45,0,0,0,17,2,2,3,6960,6960,41760
196,2.5,1,6,1,0,0,1,0,0,0,0,0,0,0,0,0,0,0,0,0,0,1,0,0,0,0,1,1,0,0,0,0,1,196,2000,1463.07,0,0,0,3,1,1,1,530,530,4240
197,2.5,0,6,1,1,0,0,0,0,0,0,0,0,0,0,0,0,0,0,1,0,0,0,0,1,0,0,1,0,0,1,0,0,223,500,1734.09,0,0,0,6,1,0,3,650,650,3900
198,2.5,1,4,3,1,0,1,0,0,0,0,0,0,0,0,0,0,0,0,0,0,1,0,0,0,1,0,0,0,0,0,0,0,328,500,1411.43,0,45100,-32800,17,1,2,1,5940,11880,41580
199,1.0,0,3,2,0,0,0,0,0,0,0,0,0,0,0,0,1,0,0,0,1,0,0,0,0,0,1,1,0,0,0,0,1,285,2000,1512.58,0,47600,0,7,1,1,1,280,280,1960
200,2.5,1,7,1,0,1,0,1,0,0,0,0,0,0,0,0,0,0,0,1,0,0,0,0,0,0,1,1,0,0,0,0,1,30,2000,1153.35,0,0,0,9,1,2,1,960,960,3840
201,2.5,1,7,2,0,1,0,0,0,0,0,0,0,0,0,0,0,0,1,1,0,0,0,0,0,1,0,1,0,1,0,0,0,342,500,1722.95,0,63100,-13800,3,1,2,0,7670,7670,61360
202,2.5,0,2,1,0,0,0,0,0,0,0,0,0,0,0,1,0,0,0,0,0,0,1,0,1,0,0,1,0,0,0,0,1,219,2000,1281.07,7000000,0,0,6,1,0,2,740,740,4440
203,1.0,1,7,3,1,0,0,0,0,0,0,1,0,0,0,0,0,0,0,0,0,0,0,1,0,0,0,1,0,1,0,0,0,468,500,1011.92,0,0,0,7,3,0,3,7150,7150,50050
204,2.5,1,1,4,0,0,0,0,0,0,0,0,0,0,0,0,1,0,0,0,0,0,0,0,0,0,0,1,0,0,0,0,0,241,2000,1042.26,0,0,0,21,3,1,2,4240,2120,12720
205,5.0,0,4,2,0,0,0,0,0,0,0,0,0,0,0,0,0,1,0,1,0,0,0,0,0,1,0,1,0,0,0,0,1,223,500,1235.1,0,66400,-34400,14,1,2,1,5440,5440,43520
206,1.0,0,3,4,0,0,0,0,0,0,0,0,0,0,0,0,1,0,0,0,1,0,0,0,0,1,0,1,0,1,0,0,0,128,2000,768.91,0,0,-39300,0,1,1,0,5980,5980,47840
207,5.0,1,4,3,0,1,0,0,0,0,1,0,0,0,0,0,0,0,0,0,0,0,0,0,0,0,0,0,1,0,0,0,1,124,500,1301.72,0,0,0,14,3,0,3,7200,7200,57600
208,2.5,1,1,4,0,0,0,0,0,0,0,0,0,0,0,0,0,0,0,0,0,0,0,0,0,0,0,0,1,0,0,0,1,343,500,1451.54,3000000,0,0,13,4,2,3,7230,14460,43380
209,2.5,1,5,1,0,0,0,0,0,0,0,0,0,0,0,0,1,0,0,1,0,0,0,0,1,0,0,1,0,0,0,0,1,404,500,767.14,0,25500,-36700,8,1,0,1,1760,880,6160
210,2.5,0,2,2,0,0,0,0,0,0,1,0,0,0,0,0,0,0,0,0,1,0,0,0,0,0,1,1,0,0,0,0,1,63,2000,1620.89,0,0,0,7,1,2,0,1020,1020,4080
211,5.0,1,2,1,0,0,0,0,0,0,0,0,0,1,0,0,0,0,0,1,0,0,0,0,0,0,1,1,0,0,1,0,0,210,2000,1048.46,0,59900,0,9,1,1,2,1180,590,5310
212,1.0,1,2,2,1,1,0,0,0,0,0,0,0,0,0,0,1,0,0,0,1,0,0,0,0,0,0,0,1,0,0,0,0,335,1000,1538.26,6000000,62200,-31400,12,3,2,3,8580,4290,21450
213,5.0,0,6,3,0,0,0,0,0,0,0,0,0,0,1,0,0,0,0,0,0,0,0,1,0,0,0,0,1,0,0,1,0,11,2000,1217.69,0,24000,0,6,3,1,0,9720,9720,34020
214,1.0,0,1,4,1,0,0,0,1,0,0,0,0,0,0,0,0,0,0,0,0,0,0,1,0,1,0,0,1,0,0,1,0,142,2000,1362.64,5000000,0,0,11,1,1,3,6780,13560,61020
215,1.0,1,7,2,0,1,0,1,0,0,0,0,0,0,0,0,0,0,0,0,1,0,0,0,0,0,0,0,1,0,0,0,0,272,1000,1279.13,0,0,0,5,3,1,2,7370,14740,58960
216,1.0,0,2,2,0,0,0,0,0,0,0,1,0,0,0,0,0,0,0,0,0,0,1,0,0,1,0,0,0,1,0,0,0,69,2000,924.72,0,0,0,14,1,2,2,5260,10520,47340
217,2.5,1,4,1,0,0,0,0,0,0,0,0,0,0,0,0,0,0,1,1,0,0,0,0,0,0,1,1,0,0,1,0,0,38,1000,1019.44,0,0,-39700,17,1,2,1,1440,720,5040
218,5.0,0,6,4,0,0,0,0,0,0,0,0,0,0,1,0,0,0,0,1,0,0,0,0,0,1,0,1,0,0,0,1,0,328,500,1314.6,0,24800,0,0,1,2,3,12780,6390,51120
219,1.0,1,3,2,0,0,0,0,0,0,0,0,0,1,0,0,0,0,0,0,1,0,0,0,0,0,0,0,1,1,0,0,0,281,1000,1515.18,6000000,0,0,21,3,1,0,9260,9260,41670
220,2.5,1,3,3,1,1,0,0,0,1,0,0,0,0,0,0,0,0,0,0,1,0,0,0,0,1,0,0,0,0,0,1,0,246,2000,1649.18,0,0,-58600,18,1,1,2,11160,5580,44640
221,2.5,0,3,2,0,0,0,0,0,0,0,0,1,0,0,0,0,0,0,0,0,1,0,0,0,1,0,0,0,0,0,0,0,298,500,1451.01,0,47800,0,17,1,2,2,2810,5620,19670
222,5.0,0,2,4,1,0,0,0,0,0,0,0,0,0,0,0,1,0,0,0,0,0,0,0,0,1,0,0,1,1,0,0,0,330,1000,978.46,0,0,0,19,1,0,0,8920,8920,31220
223,2.5,1,5,4,0,0,0,0,0,0,0,0,0,0,0,0,1,0,0,0,0,0,0,1,0,0,0,0,1,1,0,0,0,362,500,1198.34,4000000,53000,-72500,17,3,1,1,6340,6340,44380
224,1.0,0,5,3,0,1,0,0,0,0,0,0,0,0,0,0,0,1,0,1,0,0,0,0,0,0,0,0,1,1,0,0,0,241,2000,1003.23,0,0,0,23,3,0,3,12980,12980,51920
225,5.0,1,4,4,1,1,0,0,1,0,0,0,0,0,0,0,0,0,0,0,0,0,1,0,0,1,0,0,0,0,0,0,0,245,2000,1212.0,0,24400,-60500,4,1,0,1,7350,14700,51450
226,2.5,0,2,2,1,0,0,0,0,0,0,0,1,0,0,0,0,0,0,0,0,1,0,0,0,0,0,1,0,0,0,1,0,371,1000,1242.96,7000000,0,-37100,2,2,2,0,6840,13680,68400
227,5.0,0,5,3,0,0,0,0,0,0,0,0,0,0,1,0,0,0,0,1,0,0,0,0,0,1,0,0,0,0,0,1,0,343,1000,1053.02,0,0,0,2,1,0,2,12990,4330,30310
228,1.0,0,6,4,1,0,0,1,0,0,0,0,0,0,0,0,0,0,0,0,0,0,1,0,0,0,0,0,0,1,0,0,0,377,500,1693.63,0,0,-64000,10,3,1,3,6560,6560,45920
229,2.5,0,6,2,0,0,0,0,0,1,0,0,0,0,0,0,0,0,0,0,1,0,0,0,0,1,0,1,0,0,0,1,0,154,1000,2047.59,0,0,-67800,2,1,0,3,14460,7230,57840
230,1.0,0,2,4,0,1,0,0,0,0,0,1,0,0,0,0,0,0,0,0,0,0,0,1,0,1,0,0,1,0,0,1,0,166,1000,1083.72,0,65600,-68200,18,1,0,2,4880,4880,43920
231,5.0,1,1,2,0,1,0,0,0,0,0,0,0,0,1,0,0,0,0,0,0,1,0,0,0,1,0,0,1,0,0,0,1,298,1000,1138.42,6000000,36900,-55000,18,1,2,3,3050,6100,24400
232,2.5,0,4,4,0,1,0,0,0,0,0,1,0,0,0,0,0,0,0,0,0,0,0,0,0,0,0,0,1,0,0,1,0,235,500,1072.62,0,39900,-60200,7,4,2,1,6910,6910,55280
233,1.0,1,6,3,0,0,0,0,0,0,1,0,0,0,0,0,0,0,0,0,0,1,0,0,0,0,0,1,0,0,0,0,1,172,2000,1219.04,0,63600,-68700,19,3,2,0,14500,14500,50750
234,1.0,1,1,3,0,1,0,0,0,1,0,0,0,0,0,0,0,0,0,0,1,0,0,0,0,0,0,0,0,0,0,1,0,27,2000,1371.78,0,0,-32500,10,3,0,2,5360,10720,37520
235,1.0,1,4,2,0,0,0,0,0,0,0,0,0,0,0,0,0,0,1,0,0,0,1,0,0,0,0,0,1,1,0,0,0,428,2000,1506.21,0,0,-24400,16,3,1,0,12760,6380,57420
236,1.0,1,1,4,1,0,0,1,0,0,0,0,0,0,0,0,0,0,0,0,0,0,1,0,0,1,0,0,0,1,0,0,0,99,1000,1058.21,3000000,0,0,17,1,1,1,4570,4570,31990
237,5.0,1,6,4,0,0,0,0,0,0,0,0,0,0,0,0,1,0,0,0,0,1,0,0,0,0,0,1,0,1,0,0,0,107,2000,932.14,0,40600,0,2,3,2,3,14300,7150,57200
238,5.0,0,5,3,0,0,0,0,0,1,0,0,0,0,0,0,0,0,0,0,0,1,0,0,0,1,0,0,1,0,0,1,0,272,2000,1608.34,0,33300,-10600,19,1,1,1,6460,12920,51680
239,5.0,0,4,2,1,0,0,0,0,1,0,0,0,0,0,0,0,0,0,0,0,1,0,0,0,1,0,0,0,1,0,0,0,151,1000,1728.56,0,54000,0,0,1,1,1,3530,3530,31770
240,2.5,0,6,3,0,1,1,0,0,0,0,0,0,0,0,0,0,0,0,0,0,1,0,0,0,1,0,0,0,1,0,0,0,249,1000,1518.46,0,0,0,16,1,0,0,5350,5350,42800
241,1.0,0,3,3,1,0,0,0,0,0,0,0,0,0,0,0,0,0,0,0,1,0,0,0,0,1,0,0,0,0,0,1,0,177,2000,1540.19,0,0,-74500,20,1,2,0,7370,7370,58960
242,5.0,0,1,1,0,1,0,0,1,0,0,0,0,0,0,0,0,0,0,0,1,0,0,0,1,0,0,1,0,0,1,0,0,190,2000,965.21,0,36900,-53700,10,1,2,1,630,630,5040
243,1.0,0,3,4,0,0,0,0,0,0,0,0,0,0,0,0,0,1,0,0,0,1,0,0,0,0,0,1,0,0,0,0,0,174,2000,1278.75,0,53200,-53800,21,3,2,2,10900,10900,43600
244,2.5,1,5,1,1,0,1,0,0,0,0,0,0,0,0,0,0,0,0,0,1,0,0,0,0,0,1,1,0,0,1,0,0,95,1000,773.99,0,0,-70300,3,1,1,2,640,320,2240
245,5.0,0,5,3,1,1,0,0,0,0,0,0,0,0,0,0,0,1,0,0,1,0,0,0,0,1,0,1,0,1,0,0,0,371,1000,1532.47,0,60300,-24700,7,1,0,3,7540,15080,52780
246,2.5,0,1,2,1,1,0,0,0,0,0,1,0,0,0,0,0,0,0,1,0,0,0,0,0,1,0,0,1,1,0,0,0,2,1000,1340.56,0,0,0,19,1,0,2,6460,6460,45220
247,1.0,0,1,4,0,0,0,0,0,0,0,0,1,0,0,0,0,0,0,0,0,1,0,0,0,0,0,1,0,0,0,0,0,269,500,1297.75,4000000,0,-41400,15,3,0,1,15180,15180,68310
248,2.5,1,4,2,0,0,0,0,0,0,0,1,0,0,0,0,0,0,0,0,1,0,0,0,1,0,0,1,0,0,1,0,0,101,1000,433.33,0,25900,0,7,1,0,3,1180,590,4130
249,2.5,0,2,3,0,1,1,0,0,0,0,0,0,0,0,0,0,0,0,0,1,0,0,0,0,1,0,1,0,1,0,0,0,94,2000,1025.54,0,0,-52600,19,1,1,3,6410,6410,51280
250,2.5,0,5,4,1,0,0,0,0,0,0,0,0,0,0,0,0,0,1,0,0,0,1,0,0,0,0,1,0,1,0,0,0,117,500,1264.77,0,47500,-32500,13,2,0,1,5040,10080,40320
251,2.5,1,6,3,0,0,0,0,0,0,0,0,0,0,0,0,1,0,0,0,1,0,0,0,0,0,0,0,1,0,0,0,1,111,500,1459.97,5000000,0,0,2,3,1,2,7350,14700,58800
252,1.0,0,2,1,1,0,0,0,0,0,0,0,0,0,0,0,0,0,1,0,0,0,0,0,0,0,1,1,0,0,0,0,1,242,500,1238.65,0,0,-44600,5,1,1,1,680,680,6120
253,2.5,1,7,3,0,0,0,0,0,0,0,0,0,0,0,0,0,0,1,0,0,0,0,1,0,1,0,0,1,1,0,0,0,440,500,1050.76,0,41500,-70200,21,1,2,3,5960,5960,41720
254,5.0,0,1,3,0,0,0,0,0,0,0,0,0,0,0,0,0,1,0,0,0,0,0,1,0,0,0,1,0,1,0,0,0,20,1000,1711.72,0,0,0,21,3,2,2,5750,11500,46000
255,1.0,0,2,3,0,0,0,0,0,1,0,0,0,0,0,0,0,0,0,0,0,1,0,0,0,0,0,0,1,0,0,0,0,461,500,865.33,7000000,0,0,7,3,0,1,9840,9840,39360
256,2.5,1,5,4,1,1,0,1,0,0,0,0,0,0,0,0,0,0,0,0,1,0,0,0,0,0,0,0,1,0,0,1,0,208,500,1153.49,0,0,0,16,3,1,0,10100,5050,35350
257,5.0,1,5,3,1,0,0,0,0,0,0,1,0,0,0,0,0,0,0,0,1,0,0,0,0,1,0,0,1,0,0,0,1,279,2000,1281.25,0,0,0,13,1,0,1,6410,12820,38460
258,1.0,0,6,1,1,1,0,0,0,0,0,0,0,0,0,0,1,0,0,0,0,0,0,0,0,0,1,1,0,0,0,0,1,244,500,1342.8,0,0,0,2,1,1,3,660,660,4620
259,2.5,0,7,3,0,1,0,0,1,0,0,0,0,0,0,0,0,0,0,0,0,0,1,0,0,0,0,1,0,1,0,0,0,134,2000,1443.32,0,0,0,19,3,0,2,5310,5310,37170
260,2.5,0,4,1,0,0,0,0,0,0,0,0,0,1,0,0,0,0,0,0,1,0,0,0,1,0,0,1,0,0,1,0,0,122,1000,1629.94,0,0,-47100,17,1,0,1,350,350,3150
261,1.0,1,7,3,0,0,0,0,0,0,0,0,1,0,0,0,0,0,0,0,0,0,0,0,0,1,0,0,0,0,0,0,1,156,2000,1134.08,0,0,0,3,1,2,0,5900,5900,47200
262,2.5,1,3,3,0,0,0,0,0,0,0,1,0,0,0,0,0,0,0,0,0,0,0,0,0,0,0,1,0,0,0,0,0,232,500,1483.91,8000000,0,-33600,17,3,0,1,7060,14120,49420
263,5.0,1,4,2,0,0,1,0,0,0,0,0,0,0,0,0,0,0,0,0,1,0,0,0,0,0,0,0,1,0,0,0,1,244,2000,1304.67,7000000,0,-45000,5,3,1,1,5590,11180,44720
264,5.0,0,6,2,0,1,0,0,0,0,0,0,0,0,0,1,0,0,0,0,0,0,0,1,0,1,0,0,1,0,0,0,1,84,2000,1035.79,0,44400,-51500,9,1,1,0,5240,10480,41920
265,2.5,0,2,1,0,0,0,1,0,0,0,0,0,0,0,0,0,0,0,0,0,1,0,0,0,0,1,1,0,0,0,0,1,394,500,1401.2,0,51500,0,9,1,1,0,1060,1060,4770
266,2.5,1,1,3,0,0,0,0,0,0,0,1,0,0,0,0,0,0,0,0,0,0,0,1,0,0,0,0,1,1,0,0,0,246,1000,1665.45,0,34400,-33100,9,3,2,2,11840,5920,35520
267,5.0,0,1,2,0,0,0,0,0,0,1,0,0,0,0,0,0,0,0,0,0,0,1,0,0,0,0,1,0,1,0,0,0,35,2000,653.66,0,52100,-46900,22,3,0,0,15660,7830,54810
268,1.0,1,5,3,1,0,0,0,0,0,0,0,0,0,0,1,0,0,0,0,1,0,0,0,0,0,0,1,0,0,0,0,0,156,500,1080.13,0,0,-61000,15,3,0,3,4610,4610,32270
269,1.0,0,5,4,1,1,0,0,0,0,0,1,0,0,0,0,0,0,0,0,0,0,0,1,0,0,0,0,0,1,0,0,0,195,2000,1346.18,0,57800,-53300,14,3,2,3,12540,6270,50160
270,2.5,1,3,2,0,1,0,0,0,0,1,0,0,0,0,0,0,0,0,0,0,0,0,0,0,0,0,1,0,0,0,0,1,369,2000,1589.54,0,55400,0,6,3,2,0,17060,8530,59710
271,1.0,0,5,2,0,0,0,0,0,0,0,0,1,0,0,0,0,0,0,0,0,0,0,1,1,0,0,1,0,0,1,0,0,271,1000,1251.65,0,71200,0,6,1,0,0,560,280,2240
272,1.0,1,6,3,1,0,0,1,0,0,0,0,0,0,0,0,0,0,0,0,1,0,0,0,0,0,0,0,0,0,0,0,1,332,2000,1083.01,0,91900,0,22,4,2,0,11040,11040,49680
273,1.0,0,1,2,0,0,1,0,0,0,0,0,0,0,0,0,0,0,0,0,0,0,0,1,0,0,0,1,0,0,0,0,0,107,500,974.59,0,62800,0,14,3,1,0,11940,11940,35820
274,5.0,0,4,2,0,0,0,0,0,0,0,0,1,0,0,0,0,0,0,0,1,0,0,0,0,0,0,0,0,1,0,0,0,217,2000,1399.85,0,49900,-19800,16,3,0,2,10820,10820,43280
275,5.0,0,5,3,0,0,0,0,0,0,0,1,0,0,0,0,0,0,0,0,0,1,0,0,0,0,0,0,0,0,0,0,0,243,500,1307.74,0,0,-75700,10,3,0,1,4170,4170,29190
276,2.5,1,5,4,1,0,0,0,0,0,0,0,0,0,0,0,0,1,0,0,0,0,0,0,0,0,0,0,1,0,0,0,0,296,2000,1219.27,0,53100,-63400,9,3,1,2,7120,7120,49840
277,1.0,1,7,2,0,0,0,0,0,0,0,0,0,0,1,0,0,0,0,0,0,0,1,0,0,1,0,1,0,0,0,1,0,264,500,1411.3,0,55600,0,4,1,1,0,10980,5490,43920
278,1.0,0,1,3,0,1,1,0,0,0,0,0,0,0,0,0,0,0,0,1,0,0,0,0,0,0,0,0,1,0,0,0,1,108,2000,694.45,0,0,0,6,3,0,1,5850,11700,46800
279,1.0,0,3,2,1,1,0,0,0,0,0,0,1,0,0,0,0,0,0,0,0,1,0,0,0,0,0,0,1,0,0,0,1,32,500,1006.77,6000000,0,0,15,3,2,1,14180,7090,49630
280,2.5,0,1,2,0,0,0,1,0,0,0,0,0,0,0,0,0,0,0,0,0,0,1,0,0,0,0,0,1,1,0,0,0,259,1000,1422.36,0,0,-83900,12,3,1,3,7760,7760,31040
281,1.0,0,5,1,0,0,0,1,0,0,0,0,0,0,0,0,0,0,0,0,0,0,0,1,0,0,1,1,0,0,0,0,1,186,1000,1348.32,0,37600,-37600,3,1,2,1,860,860,3010
282,2.5,0,7,2,1,1,0,0,0,0,0,0,0,0,0,0,0,0,1,1,0,0,0,0,0,0,1,1,0,0,0,0,1,201,2000,1315.56,0,0,0,14,1,0,0,1240,1240,4340
283,2.5,1,7,3,0,0,0,0,0,0,0,0,0,0,0,0,0,1,0,0,1,0,0,0,0,1,0,1,0,0,0,0,1,436,2000,1407.01,5000000,47400,-27600,10,1,0,2,11980,5990,41930
284,2.5,0,6,3,0,1,0,0,0,0,0,0,0,1,0,0,0,0,0,0,0,1,0,0,0,0,0,0,1,0,0,0,1,189,2000,1388.58,0,0,-49400,17,3,1,3,13260,13260,53040
285,5.0,0,2,4,1,0,0,0,0,0,0,0,0,0,0,0,0,0,0,1,0,0,0,0,0,1,0,0,0,0,0,1,0,105,500,1310.76,0,0,-40900,8,1,0,1,12780,6390,51120
286,1.0,1,1,4,1,0,0,0,0,0,0,0,0,1,0,0,0,0,0,1,0,0,0,0,0,0,0,1,0,0,0,0,0,163,1000,1004.63,6000000,26900,0,14,3,2,0,5810,11620,46480
287,1.0,0,5,1,0,0,0,0,0,0,0,0,0,0,0,0,0,0,1,1,0,0,0,0,0,0,1,1,0,0,1,0,0,219,500,1134.91,0,68700,0,6,1,1,0,640,640,5120
288,2.5,0,1,3,1,1,0,0,0,0,1,0,0,0,0,0,0,0,0,0,0,0,0,0,0,1,0,1,0,0,0,0,0,88,1000,1194.0,0,0,0,6,1,1,2,7420,7420,51940
289,5.0,0,3,2,0,0,0,0,0,0,0,0,0,0,0,0,1,0,0,0,0,1,0,0,1,0,0,1,0,0,0,0,1,40,1000,1248.25,4000000,0,-33300,8,1,0,2,1460,1460,5840
290,1.0,1,5,3,1,0,0,0,0,0,0,1,0,0,0,0,0,0,0,0,0,0,0,1,0,1,0,0,1,0,0,0,0,284,500,1338.54,-1000000,0,0,13,1,0,1,8560,17120,68480
291,2.5,1,3,4,0,0,0,0,0,0,0,0,0,0,0,1,0,0,0,0,1,0,0,0,0,0,0,0,0,0,0,0,0,59,2000,782.23,0,64200,-32300,0,3,0,2,5730,11460,34380
292,2.5,0,2,3,0,0,0,0,0,0,1,0,0,0,0,0,0,0,0,0,0,0,0,0,0,0,0,1,0,1,0,0,0,39,2000,1366.9,0,0,-15700,14,3,1,0,10540,10540,31620
293,5.0,1,2,2,1,0,0,0,0,0,0,0,0,0,0,0,1,0,0,0,0,0,0,1,0,1,0,0,1,1,0,0,0,147,1000,1275.81,0,0,-48300,13,1,2,2,15540,15540,69930
294,2.5,1,2,2,0,1,0,0,1,0,0,0,0,0,0,0,0,0,0,0,0,0,1,0,0,0,0,1,0,0,0,0,1,156,500,1090.65,0,0,-51800,16,4,1,2,5340,5340,42720
295,2.5,0,5,4,0,0,0,0,0,0,0,0,0,0,1,0,0,0,0,0,0,0,0,1,0,1,0,0,1,1,0,0,0,123,500,1326.0,0,0,-54600,13,1,1,2,12020,12020,48080
296,2.5,1,3,2,1,1,0,0,0,0,0,0,0,0,0,1,0,0,0,0,0,0,0,1,0,0,0,0,0,0,0,0,1,231,2000,972.47,0,0,-58100,15,3,2,2,7710,15420,53970
297,1.0,0,3,1,0,0,0,0,0,0,1,0,0,0,0,0,0,0,0,0,0,0,0,1,1,0,0,1,0,0,0,0,1,247,500,806.31,0,0,0,3,1,2,3,600,0,2700
298,5.0,0,6,2,1,0,0,0,0,0,0,0,0,0,0,0,0,0,0,1,0,0,0,0,1,0,0,1,0,0,1,0,0,194,500,1416.24,0,0,0,7,1,1,0,1080,540,4320
299,2.5,1,2,3,0,0,0,0,0,0,0,0,0,0,0,0,0,0,1,0,1,0,0,0,0,0,0,1,0,0,0,1,0,119,2000,1097.64,0,27100,0,16,2,1,0,7080,21240,35400
300,1.0,0,4,1,0,0,0,0,0,1,0,0,0,0,0,0,0,0,0,1,0,0,0,0,0,0,1,1,0,0,0,0,1,259,500,947.75,0,0,-39300,15,1,1,3,1280,640,5760
301,1.0,1,5,4,1,0,0,0,0,0,1,0,0,0,0,0,0,0,0,0,0,1,0,0,0,0,0,0,1,0,0,0,1,107,2000,1018.73,5000000,20000,-82700,21,3,1,2,14420,21630,57680
302,1.0,1,3,3,1,0,0,0,0,0,0,0,0,0,0,0,1,0,0,0,1,0,0,0,0,0,0,1,0,0,0,0,1,48,2000,1400.74,0,34000,-55600,23,3,0,2,17460,17460,52380
303,2.5,1,1,1,0,0,0,0,0,0,0,0,0,0,0,0,0,0,1,0,0,0,0,1,1,0,0,1,0,0,0,0,1,267,500,1155.53,5000000,0,-35200,5,1,0,2,1260,630,3780
304,2.5,1,2,2,1,0,0,0,0,0,0,0,0,1,0,0,0,0,0,0,0,0,0,0,0,0,0,1,0,0,0,1,0,286,500,1386.93,0,54100,-77600,15,3,0,0,13160,6580,46060
305,1.0,0,1,3,0,1,0,0,0,0,1,0,0,0,0,0,0,0,0,0,0,0,0,1,0,1,0,0,0,0,0,1,0,175,500,915.29,0,82400,-57100,14,1,2,1,4080,4080,28560
306,2.5,0,7,3,0,1,0,0,0,1,0,0,0,0,0,0,0,0,0,0,0,1,0,0,0,1,0,0,1,1,0,0,0,111,500,1239.55,2000000,0,0,1,1,1,1,4800,9600,38400
307,2.5,0,5,4,0,1,0,0,0,0,0,0,0,0,0,1,0,0,0,0,0,0,1,0,0,0,0,1,0,1,0,0,0,151,500,1366.42,0,44000,0,14,3,1,2,5910,5910,47280
308,5.0,1,5,4,0,1,0,0,0,0,0,1,0,0,0,0,0,0,0,0,0,0,1,0,0,0,0,1,0,0,0,1,0,156,1000,1086.48,6000000,0,-53800,17,3,1,1,14080,7040,56320
309,2.5,1,4,4,0,0,1,0,0,0,0,0,0,0,0,0,0,0,0,0,0,0,0,0,0,0,0,0,1,1,0,0,0,165,2000,1247.87,0,0,-39700,20,3,2,2,4570,4570,36560
310,1.0,0,7,3,0,1,0,0,0,0,0,0,0,0,0,0,1,0,0,0,1,0,0,0,0,0,0,1,0,0,0,1,0,253,2000,1312.75,0,81300,0,10,3,2,2,7340,14680,58720
311,1.0,1,6,3,0,0,0,0,0,0,0,0,0,0,0,0,1,0,0,1,0,0,0,0,0,0,0,0,0,0,0,0,0,10,2000,765.64,0,0,-22200,3,3,0,3,2850,5700,22800
312,1.0,0,5,4,0,0,0,0,0,0,1,0,0,0,0,0,0,0,0,0,1,0,0,0,0,1,0,0,1,0,0,1,0,158,2000,1327.41,0,0,-38600,0,1,0,0,3500,7000,24500
313,5.0,1,7,4,0,0,0,0,0,0,0,0,0,0,0,1,0,0,0,0,0,1,0,0,0,0,0,0,1,0,0,0,1,436,1000,1338.55,0,39000,0,10,3,2,2,13600,6800,47600
314,2.5,0,4,2,1,0,0,0,0,0,0,1,0,0,0,0,0,0,0,0,0,0,1,0,0,0,0,0,1,0,0,1,0,91,2000,1316.63,8000000,43900,0,13,3,2,0,13000,13000,58500
315,5.0,0,6,2,0,0,0,0,0,0,0,0,0,0,0,0,0,0,1,0,0,0,0,1,0,1,0,1,0,0,0,0,1,256,1000,1286.44,0,0,-39500,14,1,2,1,7550,15100,52850
316,5.0,1,2,4,0,0,0,0,1,0,0,0,0,0,0,0,0,0,0,1,0,0,0,0,0,0,0,0,1,0,0,1,0,274,1000,1372.18,0,0,0,22,3,1,3,15100,15100,60400
317,5.0,0,5,4,1,0,0,0,0,0,0,0,0,0,0,0,0,0,0,0,0,0,0,1,0,0,0,0,1,0,0,0,0,275,2000,1447.77,0,39400,-63900,8,3,1,1,5360,10720,48240
318,2.5,0,2,2,0,0,0,0,0,0,0,0,0,0,0,0,0,0,1,1,0,0,0,0,0,0,0,1,0,0,0,0,1,1,500,903.32,0,0,0,1,3,1,0,6340,3170,22190
319,5.0,1,5,3,1,1,0,0,0,0,0,0,0,0,0,1,0,0,0,0,1,0,0,0,0,1,0,0,1,0,0,1,0,85,1000,1454.42,0,51600,-73900,19,1,0,1,12380,12380,49520
320,1.0,0,2,4,1,1,0,0,0,0,0,0,0,0,0,0,1,0,0,0,0,0,0,1,0,1,0,0,0,1,0,0,0,233,2000,1603.42,0,61600,-30200,17,1,0,2,13420,6710,60390
321,2.5,1,1,3,1,1,0,0,0,0,0,0,0,0,0,0,0,0,0,0,0,0,0,0,0,0,0,1,0,0,0,1,0,142,2000,1616.58,0,58500,-46800,13,3,0,3,6360,12720,44520
322,2.5,1,2,4,0,1,0,0,0,0,1,0,0,0,0,0,0,0,0,0,0,0,0,0,0,1,0,0,0,0,0,0,1,266,500,1611.83,0,0,0,4,1,1,2,3280,3280,26240
323,5.0,0,4,4,0,0,0,0,0,0,0,0,0,1,0,0,0,0,0,0,1,0,0,0,0,0,0,1,0,0,0,0,1,350,500,889.13,0,0,0,14,3,0,2,9820,4910,29460
324,2.5,1,3,3,1,0,0,0,1,0,0,0,0,0,0,0,0,0,0,1,0,0,0,0,0,0,0,1,0,0,0,1,0,97,1000,1252.08,0,0,0,4,2,2,2,10080,5040,35280
325,5.0,1,1,4,1,1,0,0,0,0,0,0,0,0,0,0,0,1,0,1,0,0,0,0,0,0,0,0,1,0,0,0,1,399,2000,995.56,0,0,-65400,23,3,1,1,17680,8840,61880
326,1.0,0,2,4,1,0,0,0,0,1,0,0,0,0,0,0,0,0,0,0,0,1,0,0,0,0,0,0,0,1,0,0,0,305,2000,1347.92,0,0,-42100,21,3,0,2,12100,6050,48400
327,1.0,1,7,2,1,0,0,1,0,0,0,0,0,0,0,0,0,0,0,0,0,1,0,0,0,0,0,1,0,0,0,0,1,276,1000,1724.09,0,0,0,23,3,0,0,5980,11960,47840
328,2.5,1,6,3,0,1,1,0,0,0,0,0,0,0,0,0,0,0,0,0,0,0,0,0,0,0,0,0,1,0,0,1,0,257,500,1379.93,0,0,0,6,3,0,2,9420,4710,37680
329,2.5,1,7,3,0,0,0,0,0,0,0,0,0,0,0,1,0,0,0,0,0,1,0,0,0,1,0,0,0,0,0,1,0,78,1000,1554.64,4000000,0,-27900,21,1,1,0,5060,10120,40480
330,5.0,1,4,3,0,0,0,0,0,0,0,1,0,0,0,0,0,0,0,1,0,0,0,0,0,1,0,0,1,1,0,0,0,129,1000,1377.94,0,0,0,23,1,2,3,9920,4960,29760
331,5.0,0,7,3,0,0,0,0,0,0,0,0,0,0,0,0,0,0,1,0,0,0,0,0,0,0,0,0,0,0,0,0,0,283,2000,1313.33,0,53500,-73600,3,3,1,3,7060,14120,56480
332,2.5,0,1,1,0,0,0,0,0,0,0,0,0,0,0,0,0,1,0,0,0,0,1,0,1,0,0,1,0,0,1,0,0,85,500,1259.02,0,67000,-53600,8,1,2,2,940,940,3760
333,5.0,0,6,1,0,0,0,0,0,0,0,0,0,0,1,0,0,0,0,0,0,0,0,0,1,0,0,1,0,0,1,0,0,101,1000,1371.88,0,0,0,4,1,2,2,580,580,2030
334,1.0,1,3,4,0,1,0,0,0,0,0,0,0,0,1,0,0,0,0,0,0,0,0,1,0,1,0,0,1,1,0,0,0,96,500,1399.27,6000000,38900,-48700,22,1,0,0,0,6680,46760
335,5.0,0,1,2,0,1,1,0,0,0,0,0,0,0,0,0,0,0,0,0,0,0,1,0,0,1,0,1,0,0,0,0,1,121,1000,1061.98,6000000,0,0,16,1,0,1,7250,7250,50750
336,2.5,1,3,2,0,0,1,0,0,0,0,0,0,0,0,0,0,0,0,0,0,0,1,0,0,0,0,0,1,1,0,0,0,176,500,1365.46,4000000,0,-56600,14,3,2,1,4920,4920,34440
337,5.0,1,5,4,1,0,0,0,0,0,0,0,0,0,0,0,0,1,0,0,0,0,0,1,0,1,0,1,0,0,0,0,1,159,1000,894.4,0,0,-53700,13,1,2,0,7810,7810,54670
338,2.5,0,5,2,0,1,0,0,0,0,0,0,0,1,0,0,0,0,0,0,0,0,0,0,0,1,0,0,0,0,0,1,0,120,500,956.69,0,39600,-64300,20,1,1,1,8710,8710,69680
339,5.0,1,6,4,0,0,0,0,0,0,0,0,0,1,0,0,0,0,0,0,0,0,1,0,0,0,0,0,0,1,0,0,0,212,2000,1123.89,0,35400,-49200,0,3,1,3,4580,4580,41220
340,1.0,0,1,4,1,0,0,0,0,0,0,0,0,0,0,0,1,0,0,0,0,0,0,1,0,0,0,0,1,0,0,0,1,290,500,1085.03,0,0,-61000,23,3,2,2,12960,6480,45360
341,1.0,0,5,2,1,0,0,1,0,0,0,0,0,0,0,0,0,0,0,0,0,0,0,1,0,1,0,1,0,0,0,1,0,299,2000,1437.33,0,25000,0,13,1,1,3,12800,12800,44800
342,2.5,1,3,3,0,1,1,0,0,0,0,0,0,0,0,0,0,0,0,0,0,1,0,0,0,1,0,1,0,0,0,0,1,66,1000,988.29,0,0,0,8,1,2,2,0,10520,47340
343,5.0,1,4,2,0,0,0,0,0,0,0,0,0,0,0,1,0,0,0,0,1,0,0,0,0,0,1,1,0,0,1,0,0,334,500,1238.89,0,0,0,3,1,0,3,960,960,4320
344,1.0,0,5,4,0,0,0,0,0,0,0,0,0,0,0,0,0,1,0,0,0,0,1,0,0,1,0,1,0,0,0,0,1,216,1000,1384.64,5000000,0,0,16,1,2,3,16650,11100,38850
345,1.0,1,7,2,1,1,0,0,0,0,0,0,0,0,0,0,0,0,1,0,0,0,1,0,0,1,0,0,1,0,0,0,1,86,2000,1595.07,0,75800,0,19,1,0,2,11820,11820,47280
346,2.5,1,5,2,1,1,0,0,0,0,0,1,0,0,0,0,0,0,0,0,0,1,0,0,0,1,0,1,0,0,0,0,0,429,1000,1127.89,6000000,67400,-43800,0,1,2,0,6580,6580,26320
347,5.0,0,7,4,0,1,0,0,0,0,1,0,0,0,0,0,0,0,0,0,0,0,0,0,0,1,0,0,0,0,0,1,0,257,2000,929.7,6000000,46400,-74300,12,1,2,2,10540,5270,47430
348,1.0,1,1,4,1,0,0,0,0,0,0,0,0,0,0,0,0,1,0,1,0,0,0,0,0,0,0,0,1,0,0,1,0,15,1000,1829.63,0,56700,0,21,3,1,0,12300,6150,49200
349,1.0,0,6,3,0,0,0,1,0,0,0,0,0,0,0,0,0,0,0,0,0,0,1,0,0,1,0,0,0,1,0,0,0,230,1000,904.7,7000000,68600,-22300,0,1,1,3,14840,14840,44520
350,5.0,0,1,2,1,0,0,0,0,0,0,0,0,0,0,0,0,1,0,0,0,1,0,0,0,1,0,0,1,0,0,1,0,250,1000,1243.84,0,47900,-73400,22,1,1,3,12980,12980,38940
351,5.0,0,5,3,0,0,0,0,0,0,0,1,0,0,0,0,0,0,0,0,1,0,0,0,0,0,0,1,0,0,0,0,0,270,2000,1030.95,0,47200,0,20,3,1,0,7180,3590,25130
352,1.0,0,2,2,0,0,0,1,0,0,0,0,0,0,0,0,0,0,0,0,0,0,1,0,0,1,0,1,0,1,0,0,0,65,500,1285.03,3000000,0,-41500,0,1,1,3,5220,10440,36540
353,1.0,1,4,2,0,0,0,0,0,0,0,0,0,0,0,0,0,0,0,0,0,1,0,0,0,1,0,0,0,0,0,0,1,475,500,1216.56,0,67400,-83200,20,1,0,2,6500,13000,58500
354,5.0,0,2,2,1,0,0,0,0,0,0,0,0,0,0,0,0,0,0,0,0,1,0,0,0,0,0,0,0,0,0,0,0,77,2000,966.26,0,56400,-32800,1,3,0,0,6720,6720,53760
355,1.0,0,6,4,0,0,0,0,0,0,0,0,0,0,1,0,0,0,0,0,0,0,1,0,0,1,0,1,0,1,0,0,0,256,500,1203.17,0,56700,-65600,11,1,0,0,11500,5750,46000
356,2.5,0,6,3,1,1,0,1,0,0,0,0,0,0,0,0,0,0,0,1,0,0,0,0,0,0,0,0,1,0,0,1,0,229,2000,1212.12,0,65600,0,14,3,1,1,11460,5730,51570
357,2.5,1,3,2,1,0,0,0,0,0,0,0,1,0,0,0,0,0,0,0,1,0,0,0,0,0,0,0,1,0,0,0,1,110,1000,1573.93,0,30400,0,20,3,0,2,10840,10840,43360
358,1.0,1,3,3,0,0,0,0,0,0,0,0,0,0,0,0,0,0,0,0,0,0,0,1,0,1,0,0,1,0,0,0,0,177,1000,1609.67,0,0,-13200,22,1,1,3,20700,13800,48300
359,5.0,1,7,4,0,1,0,0,0,0,0,0,0,1,0,0,0,0,0,0,0,0,1,0,0,1,0,0,1,0,0,1,0,292,500,1097.57,0,0,0,12,1,1,0,6170,6170,49360
360,2.5,0,5,3,1,1,0,0,0,0,0,0,0,0,0,0,0,0,1,0,0,0,1,0,0,0,0,1,0,0,0,0,0,451,2000,1618.65,2000000,0,-42600,3,3,2,1,15620,7810,54670
361,1.0,0,3,3,1,0,0,0,0,0,0,0,0,1,0,0,0,0,0,0,1,0,0,0,0,0,0,1,0,0,0,0,0,61,500,922.67,0,47400,0,15,3,2,1,9360,9360,46800
362,1.0,1,6,1,1,0,0,0,0,0,0,0,0,0,1,0,0,0,0,0,0,1,0,0,1,0,0,1,0,0,1,0,0,150,1000,1342.02,0,0,0,8,1,0,2,450,450,3600
363,1.0,0,5,3,0,0,0,0,0,0,0,0,0,0,0,0,1,0,0,0,0,1,0,0,0,0,0,0,1,0,0,1,0,283,500,1195.01,0,60700,-54300,13,3,0,2,0,6100,36600
364,5.0,0,2,2,0,1,0,0,0,0,0,0,0,0,0,0,0,0,0,0,0,1,0,0,1,0,0,1,0,0,0,0,1,291,1000,994.74,0,0,-55300,8,1,2,2,620,620,4340
365,1.0,0,4,2,0,0,0,0,0,0,0,0,0,0,0,0,0,0,0,0,0,0,0,1,1,0,0,1,0,0,1,0,0,162,1000,1050.24,0,30700,0,7,1,0,0,360,720,2520
366,2.5,0,4,1,0,0,0,0,1,0,0,0,0,0,0,0,0,0,0,0,0,1,0,0,0,0,1,1,0,0,1,0,0,154,2000,1313.51,7000000,68500,0,9,1,2,0,280,280,2240
367,5.0,0,5,2,0,1,0,0,0,0,0,0,0,0,0,0,0,0,0,0,0,1,0,0,0,1,0,0,0,0,0,0,0,289,2000,1102.29,0,73000,-37900,15,1,1,0,6000,6000,42000
368,2.5,0,1,2,0,0,0,1,0,0,0,0,0,0,0,0,0,0,0,0,0,0,0,1,0,1,0,0,1,0,0,0,1,10,1000,1185.78,0,0,-60700,5,1,0,2,4450,8900,35600
369,5.0,1,7,3,1,0,0,0,1,0,0,0,0,0,0,0,0,0,0,0,1,0,0,0,0,0,0,1,0,0,0,1,0,309,500,1527.95,0,69400,0,15,4,0,1,15560,15560,46680
370,1.0,1,2,3,1,0,0,0,0,0,0,0,0,0,0,1,0,0,0,0,1,0,0,0,0,0,0,0,0,0,0,1,0,396,1000,1366.39,0,0,-22400,22,3,2,1,11680,5840,35040
371,5.0,0,7,4,0,1,0,0,0,1,0,0,0,0,0,0,0,0,0,0,0,1,0,0,0,0,0,0,1,0,0,0,1,273,1000,1403.9,0,0,0,16,2,1,2,4010,8020,32080
372,5.0,0,7,4,0,0,0,0,0,0,0,0,0,0,0,0,1,0,0,0,0,0,0,0,0,1,0,0,0,0,0,1,0,129,2000,927.23,0,51500,0,7,1,1,3,13520,6760,54080
373,2.5,0,1,2,1,0,1,0,0,0,0,0,0,0,0,0,0,0,0,0,0,0,0,1,1,0,0,1,0,0,1,0,0,140,2000,1554.86,6000000,59000,0,2,1,1,2,680,680,4760
374,5.0,1,3,2,0,1,0,0,0,0,0,0,0,0,0,0,0,0,1,0,0,0,1,0,0,0,0,0,1,0,0,0,1,419,2000,736.07,6000000,45700,0,17,4,0,0,5190,10380,46710
375,2.5,0,4,4,0,1,0,0,0,0,0,0,0,0,0,0,1,0,0,0,1,0,0,0,0,0,0,0,0,0,0,1,0,315,1000,974.16,6000000,0,-56800,12,3,1,0,4860,4860,17010
376,5.0,0,5,3,0,0,0,1,0,0,0,0,0,0,0,0,0,0,0,0,0,1,0,0,0,1,0,1,0,0,0,0,0,72,500,973.8,0,0,-85900,9,1,1,0,6620,6620,52960
377,1.0,1,1,4,0,0,0,0,0,0,0,0,1,0,0,0,0,0,0,1,0,0,0,0,0,1,0,0,1,1,0,0,0,32,2000,1260.32,6000000,0,-79800,16,1,1,2,9100,4550,31850
378,1.0,1,1,2,0,0,0,0,0,0,0,0,0,0,0,0,0,0,1,0,0,1,0,0,0,0,0,0,1,0,0,0,0,230,1000,1464.03,0,0,0,19,3,2,0,4420,4420,44200
379,1.0,1,3,3,0,0,0,0,0,0,0,0,1,0,0,0,0,0,0,0,1,0,0,0,0,0,0,0,0,0,0,1,0,157,2000,617.11,0,0,-54100,14,3,1,2,10160,5080,35560
380,2.5,0,5,4,0,0,0,1,0,0,0,0,0,0,0,0,0,0,0,0,0,1,0,0,0,0,0,0,1,0,0,0,1,265,2000,1724.46,6000000,81800,0,18,3,1,3,4420,4420,35360
381,5.0,0,7,2,1,0,0,0,1,0,0,0,0,0,0,0,0,0,0,0,1,0,0,0,0,1,0,0,0,0,0,0,1,47,500,1161.31,0,64800,-24300,23,1,1,3,11440,5720,45760
382,2.5,1,7,2,0,1,0,0,1,0,0,0,0,0,0,0,0,0,0,1,0,0,0,0,0,0,0,1,0,0,0,1,0,113,2000,1091.73,0,36100,-42300,15,3,0,2,5550,5550,38850
383,2.5,1,1,2,1,1,1,0,0,0,0,0,0,0,0,0,0,0,0,0,0,0,1,0,0,1,0,1,0,0,0,0,0,289,2000,1209.07,0,0,0,18,1,0,1,6270,6270,43890
384,2.5,0,4,2,0,1,0,0,0,0,0,0,0,0,0,1,0,0,0,0,0,1,0,0,0,1,0,0,0,0,0,0,1,254,2000,1241.04,0,0,0,16,1,2,2,18220,18220,63770
385,5.0,1,2,2,0,1,0,0,0,0,0,0,0,0,1,0,0,0,0,0,0,0,0,1,0,0,0,0,0,1,0,0,0,115,500,1757.21,0,46400,0,12,3,1,0,5460,5460,38220
386,2.5,0,3,3,0,0,0,0,0,0,0,0,1,0,0,0,0,0,0,1,0,0,0,0,0,1,0,0,1,0,0,0,0,236,1000,802.24,0,0,-62500,16,1,0,1,16710,5570,44560
387,5.0,1,5,4,0,0,0,0,0,0,0,1,0,0,0,0,0,0,0,0,0,0,0,1,0,1,0,0,0,0,0,1,0,7,1000,1342.72,0,0,-45300,21,1,1,2,6940,6940,48580
388,1.0,1,1,4,1,0,0,0,0,0,0,1,0,0,0,0,0,0,0,0,0,0,0,1,0,0,0,0,1,0,0,1,0,208,2000,1209.41,5000000,0,0,15,3,0,1,11420,11420,39970
389,5.0,0,1,3,1,0,0,0,0,0,0,0,0,1,0,0,0,0,0,0,0,1,0,0,0,1,0,0,0,0,0,0,0,126,1000,1141.71,2000000,36700,-73400,21,1,1,2,6770,6770,40620
390,1.0,0,1,3,1,0,0,0,1,0,0,0,0,0,0,0,0,0,0,0,0,0,1,0,0,1,0,1,0,0,0,0,0,48,500,1090.03,0,0,-51000,1,1,0,2,9680,4840,33880
391,2.5,1,7,4,0,0,0,0,1,0,0,0,0,0,0,0,0,0,0,0,1,0,0,0,0,0,0,0,1,1,0,0,0,297,1000,1464.73,3000000,54900,-36700,17,3,0,0,5720,5720,40040
392,1.0,0,2,4,0,0,0,0,0,0,0,0,0,0,1,0,0,0,0,0,0,0,0,0,0,0,0,1,0,1,0,0,0,160,1000,1118.58,0,0,-36600,5,3,2,1,5170,10340,36190
393,2.5,1,6,4,0,0,0,0,1,0,0,0,0,0,0,0,0,0,0,0,0,1,0,0,0,0,0,0,0,0,0,1,0,406,2000,1117.04,0,0,-42700,15,3,1,2,10920,5460,49140
394,5.0,1,2,3,0,0,0,0,0,1,0,0,0,0,0,0,0,0,0,0,0,1,0,0,0,0,0,1,0,0,0,1,0,157,500,1257.83,7000000,40700,-41600,2,4,2,2,4770,9540,33390
395,2.5,0,7,2,1,0,0,0,0,0,0,1,0,0,0,0,0,0,0,1,0,0,0,0,0,0,1,1,0,0,1,0,0,146,2000,1082.72,0,61400,-57500,3,1,2,0,580,580,4060
396,1.0,1,2,3,0,0,0,0,0,0,0,0,0,0,0,1,0,0,0,0,0,0,1,0,0,1,0,0,1,0,0,1,0,409,1000,1191.8,6000000,55600,0,19,1,1,0,6110,12220,54990
397,1.0,1,4,2,1,1,0,0,0,0,0,0,0,0,0,0,0,0,0,0,0,0,0,1,0,1,0,0,0,1,0,0,0,252,1000,1242.02,0,0,-28800,17,1,0,2,14980,7490,52430
398,2.5,0,2,1,0,1,0,0,0,0,0,0,0,0,1,0,0,0,0,0,0,0,1,0,0,0,1,1,0,0,0,0,1,6,500,1075.71,0,0,-47400,7,1,0,1,580,290,2320
399,1.0,1,6,2,0,1,1,0,0,0,0,0,0,0,0,0,0,0,0,0,0,1,0,0,0,1,0,1,0,0,0,0,0,103,1000,969.88,6000000,0,0,21,1,1,0,12820,6410,57690
400,2.5,0,4,4,1,0,0,0,0,0,0,0,0,1,0,0,0,0,0,1,0,0,0,0,0,0,0,0,0,0,0,0,1,369,2000,1459.93,0,0,0,10,2,1,3,7090,14180,56720
401,5.0,1,6,4,1,0,0,0,0,0,0,0,0,0,0,0,0,0,1,0,0,1,0,0,0,1,0,0,0,1,0,0,0,261,1000,1245.61,0,0,0,11,1,1,0,9180,9180,41310
402,1.0,0,3,3,1,0,0,1,0,0,0,0,0,0,0,0,0,0,0,0,0,0,0,0,0,0,0,1,0,0,0,0,0,159,2000,1462.76,0,69200,-36900,23,3,2,0,8160,4080,32640
403,1.0,1,5,2,0,0,0,0,0,0,0,0,0,0,0,0,1,0,0,0,1,0,0,0,0,1,0,0,1,0,0,0,0,344,2000,1398.46,0,0,0,14,1,0,2,7530,15060,60240
404,5.0,0,3,2,0,0,1,0,0,0,0,0,0,0,0,0,0,0,0,0,0,0,1,0,0,1,0,0,0,0,0,1,0,437,1000,1269.64,0,48800,0,10,1,1,3,7680,15360,61440
405,1.0,0,3,4,0,0,0,0,0,0,0,0,0,0,0,0,0,0,1,0,0,0,0,1,0,0,0,0,1,1,0,0,0,65,500,1455.65,4000000,0,-66300,6,3,2,3,15960,7980,55860
406,5.0,1,6,2,0,1,0,0,0,0,0,0,0,0,0,0,0,0,0,0,0,0,0,0,0,0,0,1,0,0,0,0,1,280,2000,1140.31,0,29300,-64700,10,3,0,3,9640,9640,33740
407,5.0,0,2,4,0,0,0,0,0,0,0,1,0,0,0,0,0,0,0,0,0,0,0,1,0,0,0,0,1,0,0,0,1,269,500,1330.46,0,54800,-64100,5,3,0,0,2200,4400,17600
408,2.5,1,4,2,0,1,0,0,1,0,0,0,0,0,0,0,0,0,0,0,0,0,1,0,0,1,0,1,0,1,0,0,0,275,2000,1190.6,0,0,-45300,17,1,1,3,7860,7860,27510
409,2.5,0,3,1,0,0,0,0,1,0,0,0,0,0,0,0,0,0,0,0,0,0,1,0,0,0,1,1,0,0,1,0,0,265,500,972.5,0,0,0,3,1,2,3,290,580,2320
410,1.0,0,5,2,0,0,0,0,0,0,0,0,0,0,0,0,0,0,0,1,0,0,0,0,1,0,0,1,0,0,1,0,0,283,2000,1161.91,0,0,-50400,9,1,0,3,1300,650,3900
411,2.5,0,2,1,1,1,0,0,0,0,0,1,0,0,0,0,0,0,0,1,0,0,0,0,1,0,0,1,0,0,0,0,1,84,1000,1117.17,0,0,-29900,6,1,2,0,620,1240,4960
412,2.5,0,3,2,0,0,0,0,0,1,0,0,0,0,0,0,0,0,0,1,0,0,0,0,0,0,0,0,0,1,0,0,0,247,2000,1101.51,0,64000,0,22,3,2,2,11580,11580,46320
413,1.0,1,4,3,0,1,0,0,0,0,0,0,0,0,1,0,0,0,0,0,0,1,0,0,0,0,0,0,0,1,0,0,0,56,1000,1523.17,0,0,0,10,3,1,2,7880,15760,70920
414,5.0,1,5,2,1,0,1,0,0,0,0,0,0,0,0,0,0,0,0,0,0,0,1,0,0,0,1,1,0,0,1,0,0,210,1000,984.45,0,0,0,4,1,1,2,780,780,6240
415,5.0,0,2,4,0,0,0,0,0,0,0,1,0,0,0,0,0,0,0,0,0,0,1,0,0,1,0,0,0,0,0,1,0,108,2000,1257.0,4000000,63900,-43700,23,1,1,3,5570,11140,44560
416,5.0,0,4,4,0,1,0,0,0,0,0,0,0,0,0,0,0,0,1,0,0,0,0,1,0,1,0,1,0,0,0,0,1,328,500,1434.51,0,0,0,19,1,0,2,8930,8930,53580
417,2.5,0,1,4,1,1,0,0,0,0,0,0,0,1,0,0,0,0,0,0,0,0,1,0,0,1,0,1,0,0,0,0,0,186,2000,1628.0,0,0,0,22,1,1,2,11120,5560,38920
418,5.0,1,2,1,0,0,0,0,0,0,0,0,0,1,0,0,0,0,0,0,0,0,1,0,0,0,1,1,0,0,0,0,1,277,500,1412.31,0,0,0,6,1,1,3,1000,500,3500
419,2.5,0,1,2,0,0,0,0,1,0,0,0,0,0,0,0,0,0,0,0,0,1,0,0,0,1,0,0,1,0,0,1,0,138,500,1362.87,5000000,56900,-56900,6,1,2,0,14740,14740,66330
420,1.0,0,3,3,0,0,0,0,0,0,0,0,0,0,0,0,0,1,0,0,0,0,0,0,0,1,0,1,0,0,0,0,0,208,1000,1134.68,0,0,0,18,1,2,2,6930,13860,48510
421,2.5,1,6,4,0,0,0,0,0,0,0,0,0,0,1,0,0,0,0,0,1,0,0,0,0,1,0,0,0,0,0,0,0,147,1000,1306.78,0,0,0,22,1,1,0,13520,20280,47320
422,5.0,1,2,3,0,0,0,0,0,0,1,0,0,0,0,0,0,0,0,0,0,0,0,0,0,1,0,0,0,0,0,1,0,8,500,1021.9,0,0,0,21,1,0,0,14040,14040,63180
423,1.0,0,6,2,0,0,0,0,0,0,0,0,1,0,0,0,0,0,0,0,0,0,0,1,0,1,0,0,1,1,0,0,0,297,1000,1538.6,0,0,-54700,12,1,0,0,6060,12120,42420
424,5.0,1,4,3,0,1,0,0,0,0,0,1,0,0,0,0,0,0,0,0,0,0,0,0,0,0,0,0,0,0,0,0,0,150,1000,1354.5,0,52800,0,6,3,0,3,6480,12960,45360
425,5.0,0,3,3,0,0,0,0,1,0,0,0,0,0,0,0,0,0,0,0,1,0,0,0,0,0,0,0,1,0,0,0,1,4,500,1282.93,0,0,0,0,4,0,0,6080,12160,48640
426,5.0,1,4,4,0,0,0,0,0,1,0,0,0,0,0,0,0,0,0,1,0,0,0,0,0,1,0,0,0,0,0,0,0,210,1000,1346.27,0,44900,-91400,11,1,0,2,5820,5820,46560
427,1.0,0,2,2,0,0,0,0,0,0,0,0,0,1,0,0,0,0,0,0,0,1,0,0,0,1,0,0,1,0,0,0,1,91,1000,1338.4,4000000,63600,0,19,1,1,0,6730,6730,47110
428,1.0,0,4,3,0,0,0,0,1,0,0,0,0,0,0,0,0,0,0,0,1,0,0,0,0,0,0,1,0,0,0,0,0,167,1000,949.44,0,0,-38400,22,3,0,0,8710,8710,52260
429,5.0,1,4,4,1,0,0,0,0,0,0,0,0,0,0,0,0,0,1,0,0,1,0,0,0,1,0,0,0,1,0,0,0,467,2000,977.4,0,82200,0,2,1,2,3,5570,11140,38990
430,2.5,0,1,4,1,1,0,0,0,0,0,0,0,0,0,0,0,0,1,0,1,0,0,0,0,0,0,0,0,0,0,0,0,264,2000,1181.46,10000000,0,-67400,16,4,1,2,5670,5670,51030
431,5.0,0,7,4,0,1,0,0,0,0,0,0,0,1,0,0,0,0,0,1,0,0,0,0,0,0,0,0,1,0,0,1,0,270,500,1187.53,0,83200,-53300,23,3,0,0,9880,0,44460
432,1.0,0,4,3,1,0,0,0,0,0,0,0,0,1,0,0,0,0,0,0,1,0,0,0,0,1,0,0,0,0,0,0,1,310,1000,845.16,0,0,0,21,1,1,0,6130,6130,42910
433,1.0,1,3,2,0,1,0,0,0,0,0,0,0,1,0,0,0,0,0,0,0,0,0,1,0,1,0,0,0,0,0,1,0,143,500,1442.27,0,67900,0,10,1,2,3,11700,5850,40950
434,1.0,1,5,3,0,0,0,0,0,0,0,0,0,1,0,0,0,0,0,0,0,1,0,0,0,1,0,1,0,1,0,0,0,146,2000,1276.43,0,0,0,12,1,0,3,6660,6660,46620
435,2.5,1,6,4,0,0,0,0,0,0,0,1,0,0,0,0,0,0,0,0,0,0,0,1,0,1,0,0,1,0,0,0,1,102,500,1075.41,0,55200,0,6,1,1,0,7340,7340,58720
436,1.0,1,1,3,0,0,0,0,1,0,0,0,0,0,0,0,0,0,0,0,1,0,0,0,0,1,0,0,1,1,0,0,0,61,500,1111.72,0,54600,0,6,1,1,2,4650,4650,32550
437,5.0,0,7,1,0,0,0,0,0,0,0,0,0,1,0,0,0,0,0,1,0,0,0,0,1,0,0,1,0,0,0,0,1,255,2000,814.96,6000000,68500,0,7,1,2,2,640,1280,4480
438,5.0,0,7,1,0,0,0,0,0,0,0,0,1,0,0,0,0,0,0,0,0,1,0,0,0,0,1,1,0,0,0,0,1,211,1000,1575.86,0,0,0,3,1,1,1,580,290,2320
439,2.5,1,1,1,1,1,0,0,0,0,1,0,0,0,0,0,0,0,0,0,0,0,1,0,1,0,0,1,0,0,1,0,0,61,1000,1115.27,0,0,-66000,10,1,2,1,590,590,4720
440,5.0,1,4,4,0,0,0,0,0,0,0,0,0,0,0,1,0,0,0,1,0,0,0,0,0,1,0,1,0,1,0,0,0,108,2000,1175.7,0,0,0,14,1,0,2,6370,6370,44590
441,1.0,1,6,4,0,0,0,0,0,0,0,0,0,0,0,0,0,1,0,0,0,1,0,0,0,0,0,0,0,0,0,1,0,303,500,793.15,0,54600,-45500,17,3,0,3,13660,13660,54640
442,2.5,0,7,3,1,0,0,0,0,0,0,0,0,0,0,0,0,0,1,0,0,0,0,1,0,1,0,0,1,1,0,0,0,152,500,942.51,0,0,0,16,1,0,0,6400,19200,44800
443,5.0,0,1,2,0,0,0,0,0,0,0,0,0,0,0,1,0,0,0,1,0,0,0,0,1,0,0,1,0,0,1,0,0,120,1000,1056.71,0,77900,0,3,1,2,1,580,580,2610
444,5.0,0,5,2,0,0,0,0,0,0,0,0,0,0,0,0,1,0,0,0,1,0,0,0,1,0,0,1,0,0,1,0,0,144,2000,1255.68,6000000,23600,-15600,7,1,0,0,740,1480,5180
445,5.0,0,2,4,1,0,0,0,0,1,0,0,0,0,0,0,0,0,0,0,0,0,1,0,0,1,0,1,0,0,0,0,1,414,500,1335.13,0,44000,-71000,13,1,1,1,6090,6090,42630
446,2.5,0,1,4,1,1,0,0,0,0,0,0,0,1,0,0,0,0,0,0,0,1,0,0,0,1,0,1,0,1,0,0,0,163,500,1178.95,6000000,0,-67300,20,1,2,3,4940,9880,34580
447,2.5,1,5,2,1,0,0,0,0,0,0,0,0,0,0,0,0,1,0,0,0,0,0,1,0,1,0,0,0,1,0,0,0,352,500,1793.16,0,0,0,23,1,2,2,12500,6250,50000
448,1.0,0,7,4,0,0,0,0,0,0,0,0,0,0,0,0,0,0,0,0,1,0,0,0,0,1,0,0,0,0,0,0,0,27,500,1008.38,0,37900,0,11,1,1,0,12300,6150,43050
449,1.0,0,4,3,0,0,0,0,0,0,0,0,1,0,0,0,0,0,0,0,0,0,0,0,0,0,0,1,0,0,0,0,0,239,500,1396.83,0,0,0,0,4,0,3,6990,13980,55920
450,1.0,0,7,2,1,0,0,0,0,0,0,0,1,0,0,0,0,0,0,0,0,0,0,0,0,1,0,1,0,0,0,0,0,33,500,1402.78,5000000,70300,-50300,2,1,0,1,6230,12460,37380
451,1.0,0,3,4,0,1,0,0,0,0,0,0,0,0,0,0,0,0,1,0,0,0,0,0,0,1,0,0,1,1,0,0,0,88,1000,1437.88,0,42800,-51200,3,1,2,0,14000,0,42000
452,5.0,0,3,1,1,0,0,0,0,0,0,0,0,1,0,0,0,0,0,0,0,0,1,0,1,0,0,1,0,0,1,0,0,101,1000,1313.64,0,12100,0,3,1,1,0,780,390,3120
453,2.5,0,5,4,0,0,0,0,0,0,0,0,0,0,0,0,0,0,1,0,0,0,0,0,0,0,0,1,0,0,0,1,0,20,500,1482.14,0,33000,-43600,15,3,2,1,6750,6750,47250
454,2.5,0,5,2,0,0,0,0,0,0,0,1,0,0,0,0,0,0,0,1,0,0,0,0,0,1,0,0,1,0,0,1,0,126,2000,1171.75,0,46500,-42700,23,1,2,3,4430,4430,39870
455,5.0,1,5,2,1,0,0,0,0,0,0,0,0,0,0,0,0,0,0,1,0,0,0,0,0,0,0,0,0,0,0,0,1,264,2000,1353.33,0,0,-8500,9,3,2,0,17300,17300,60550
456,1.0,1,4,2,0,1,0,1,0,0,0,0,0,0,0,0,0,0,0,0,0,0,0,0,0,0,1,1,0,0,0,0,1,78,500,1175.51,0,0,0,20,1,0,1,680,680,6120
457,1.0,1,4,3,0,1,0,0,0,0,0,0,0,0,0,0,0,0,1,0,0,1,0,0,0,1,0,0,1,0,0,0,0,123,2000,1836.02,0,38000,-41200,5,1,2,1,13300,6650,59850
458,5.0,0,6,4,1,0,0,0,0,0,0,0,0,1,0,0,0,0,0,0,0,0,1,0,0,1,0,0,1,0,0,1,0,347,500,1480.79,9000000,0,-12100,15,1,0,2,8630,17260,77670
459,5.0,0,7,2,1,0,0,0,0,0,0,0,1,0,0,0,0,0,0,0,1,0,0,0,0,1,0,0,1,0,0,0,0,163,2000,1453.92,0,51700,0,13,1,2,3,15900,7950,55650
460,2.5,0,2,2,0,0,0,0,0,0,0,0,0,0,0,0,0,1,0,0,1,0,0,0,0,1,0,1,0,0,0,1,0,271,500,1340.71,0,0,0,16,1,2,2,6930,13860,55440
461,1.0,1,6,2,1,0,0,0,0,0,0,0,0,0,0,1,0,0,0,0,0,1,0,0,0,1,0,0,1,0,0,0,0,410,2000,714.03,0,0,-17000,0,1,0,2,9920,9920,39680
462,1.0,0,7,3,0,0,0,0,0,0,0,0,0,0,0,0,0,1,0,0,0,1,0,0,0,0,0,0,0,0,0,0,1,448,2000,1376.16,0,38600,-50300,10,3,2,1,5970,5970,35820
463,1.0,1,1,4,0,0,0,0,0,0,0,0,0,0,1,0,0,0,0,0,0,0,0,1,0,0,0,0,1,0,0,0,1,218,500,914.22,0,37900,-72900,14,3,2,0,15380,7690,61520
464,5.0,1,7,4,1,0,0,0,0,0,1,0,0,0,0,0,0,0,0,0,1,0,0,0,0,0,0,0,0,0,0,1,0,43,1000,1601.47,0,64400,0,1,3,2,2,6850,6850,47950
465,5.0,0,5,3,0,0,0,0,0,0,1,0,0,0,0,0,0,0,0,0,0,0,1,0,0,1,0,1,0,0,0,0,1,33,1000,1096.79,6000000,45500,-60600,16,1,2,1,8140,8140,65120
466,1.0,0,4,3,0,1,0,0,0,0,0,0,0,0,0,0,0,0,1,0,0,0,0,1,0,0,0,0,1,1,0,0,0,126,2000,1078.22,0,54500,0,2,3,0,1,10620,5310,42480
467,2.5,0,3,3,0,0,0,0,0,0,0,0,0,0,0,1,0,0,0,0,1,0,0,0,0,0,0,0,1,0,0,0,0,411,1000,1595.28,0,0,0,23,3,0,0,3510,3510,31590
468,1.0,0,2,2,0,0,0,0,0,1,0,0,0,0,0,0,0,0,0,1,0,0,0,0,0,0,0,0,0,1,0,0,0,225,1000,1217.84,5000000,49600,0,19,3,2,2,9600,9600,38400
469,1.0,0,7,2,0,0,0,0,0,0,0,0,0,0,0,1,0,0,0,1,0,0,0,0,0,0,0,0,1,1,0,0,0,35,2000,1117.42,0,0,-51900,23,3,2,2,5910,11820,35460
470,1.0,0,1,3,0,0,0,1,0,0,0,0,0,0,0,0,0,0,0,0,0,0,0,0,0,1,0,0,0,0,0,1,0,460,2000,1567.37,0,62500,0,10,1,2,3,5830,11660,40810
471,5.0,1,6,2,1,0,0,0,0,0,0,0,0,0,0,0,0,1,0,0,0,0,1,0,0,0,0,0,0,0,0,0,0,195,2000,1294.93,6000000,38000,-50300,12,3,1,2,7180,0,57440
472,2.5,1,7,4,0,1,1,0,0,0,0,0,0,0,0,0,0,0,0,1,0,0,0,0,0,0,0,0,1,0,0,0,0,360,1000,1152.12,0,0,-62400,15,3,2,0,15080,15080,60320
473,1.0,0,7,1,0,0,0,0,0,1,0,0,0,0,0,0,0,0,0,0,0,0,0,1,0,0,1,1,0,0,1,0,0,300,1000,1441.21,0,0,0,3,1,1,0,1180,1180,4720
474,5.0,1,1,2,0,0,0,0,1,0,0,0,0,0,0,0,0,0,0,0,1,0,0,0,1,0,0,1,0,0,0,0,1,245,1000,1575.74,7000000,0,-68900,19,1,2,2,590,1180,4720
475,5.0,0,4,4,0,0,0,0,0,0,0,0,1,0,0,0,0,0,0,0,1,0,0,0,0,0,0,0,1,0,0,0,1,146,2000,1233.96,0,34500,-60600,16,3,1,1,5590,5590,44720
476,2.5,1,2,3,0,1,0,0,0,0,0,0,0,0,0,0,0,0,0,0,0,0,0,0,0,1,0,1,0,0,0,1,0,67,1000,1861.43,0,60400,-67800,16,1,0,3,6380,6380,51040
477,1.0,1,6,4,0,1,0,0,0,1,0,0,0,0,0,0,0,0,0,0,1,0,0,0,0,1,0,0,1,0,0,0,1,380,1000,1570.86,0,66000,0,10,1,0,1,7270,7270,43620
478,5.0,1,4,2,0,0,1,0,0,0,0,0,0,0,0,0,0,0,0,0,0,0,1,0,0,0,1,1,0,0,0,0,1,389,2000,791.47,0,0,0,6,1,1,2,630,1260,4410
479,2.5,1,6,3,0,0,0,0,0,0,0,0,0,0,0,0,1,0,0,0,1,0,0,0,0,1,0,0,0,1,0,0,0,317,1000,1012.78,0,43700,0,18,1,2,1,19020,19020,66570
480,1.0,1,3,3,0,0,0,0,1,0,0,0,0,0,0,0,0,0,0,0,0,0,0,1,0,0,0,1,0,1,0,0,0,264,500,1047.06,6000000,0,0,20,3,0,2,12700,6350,50800
481,2.5,0,4,2,0,0,0,0,0,0,0,0,0,1,0,0,0,0,0,0,1,0,0,0,0,1,0,1,0,1,0,0,0,20,1000,1390.29,0,0,-41200,14,1,0,0,12580,6290,44030
482,5.0,1,1,3,0,0,0,0,0,0,1,0,0,0,0,0,0,0,0,1,0,0,0,0,0,0,0,0,0,0,0,1,0,116,500,951.46,0,0,-35500,8,3,0,3,6630,6630,46410
483,1.0,1,1,2,1,0,1,0,0,0,0,0,0,0,0,0,0,0,0,0,0,0,1,0,0,0,0,1,0,0,0,1,0,222,1000,1226.78,0,49600,-49200,17,2,2,0,16300,8150,57050
484,1.0,1,2,2,0,0,1,0,0,0,0,0,0,0,0,0,0,0,0,0,0,1,0,0,0,1,0,1,0,0,0,0,0,439,500,1280.9,0,48900,-40900,9,1,2,0,15000,5000,30000
485,1.0,1,5,4,0,0,0,0,0,0,0,0,0,0,0,0,0,0,0,0,0,0,0,0,0,1,0,0,0,0,0,1,0,66,2000,1472.77,0,0,-31700,0,1,2,1,8780,8780,30730
486,5.0,1,2,4,0,0,0,0,0,0,0,0,1,0,0,0,0,0,0,0,0,0,0,0,0,1,0,1,0,1,0,0,0,128,1000,1878.44,0,0,-76000,2,1,0,0,5370,5370,48330
487,5.0,0,2,2,0,0,1,0,0,0,0,0,0,0,0,0,0,0,0,0,1,0,0,0,0,0,0,1,0,0,0,0,1,69,500,1418.5,0,0,0,23,3,0,0,12660,6330,44310
488,1.0,1,3,4,0,1,0,0,0,0,0,0,0,0,1,0,0,0,0,0,0,1,0,0,0,1,0,0,1,0,0,1,0,294,500,1532.8,0,0,0,8,1,0,3,11960,11960,41860
489,2.5,1,1,4,0,0,0,0,0,0,0,0,0,0,0,0,0,0,1,1,0,0,0,0,0,0,0,0,0,0,0,0,0,19,500,1304.35,0,0,0,6,3,0,2,11600,11600,52200
490,5.0,1,2,2,1,0,1,0,0,0,0,0,0,0,0,0,0,0,0,0,0,0,1,0,0,0,1,1,0,0,1,0,0,191,2000,1551.61,0,45000,-30400,3,1,1,1,250,250,1750
491,1.0,0,2,2,1,0,0,0,0,0,0,1,0,0,0,0,0,0,0,0,0,0,1,0,0,0,0,0,0,0,0,0,0,4,1000,1326.98,6000000,64200,0,14,3,1,3,4510,9020,40590
492,2.5,1,6,3,0,0,0,0,0,0,0,1,0,0,0,0,0,0,0,0,0,0,0,1,0,0,0,0,1,0,0,1,0,298,500,862.92,0,0,-71700,16,3,0,2,11580,11580,46320
493,1.0,0,4,2,0,0,0,0,0,0,0,0,0,0,0,0,0,0,0,1,0,0,0,0,0,1,0,1,0,0,0,0,1,231,2000,1331.69,0,0,0,12,1,1,2,10300,10300,46350
494,2.5,0,5,3,0,0,1,0,0,0,0,0,0,0,0,0,0,0,0,0,0,1,0,0,0,0,0,1,0,0,0,1,0,338,2000,1486.04,0,0,-56200,1,3,2,3,12820,6410,44870
495,1.0,1,7,2,0,0,0,0,0,0,0,0,0,0,1,0,0,0,0,0,0,0,1,0,0,1,0,1,0,0,0,1,0,261,1000,870.55,0,0,-49400,19,1,0,3,13380,13380,53520
496,5.0,1,5,1,0,0,0,0,0,0,0,1,0,0,0,0,0,0,0,0,0,0,0,0,0,0,1,1,0,0,0,0,1,321,2000,1344.56,6000000,0,-39100,7,1,1,2,520,0,4160
497,5.0,1,3,2,0,0,0,0,0,0,0,0,0,0,0,0,0,1,0,0,0,0,0,1,0,0,0,1,0,0,0,0,0,0,1000,1377.04,0,61400,-41100,6,4,1,1,6620,6620,26480
498,2.5,1,6,3,0,0,0,0,1,0,0,0,0,0,0,0,0,0,0,1,0,0,0,0,0,1,0,0,0,0,0,0,1,405,500,1237.88,0,0,-46900,11,1,0,0,5780,5780,52020
499,1.0,0,7,2,1,1,0,1,0,0,0,0,0,0,0,0,0,0,0,0,0,1,0,0,0,1,0,0,1,0,0,1,0,304,1000,1525.86,0,0,0,2,1,1,1,13340,6670,53360
